{"acf":{"bannerAR":{"banner_na_avtorah_sprava_-_335x1019_px":null,"img":{"ID":1058,"id":1058,"title":"banner","filename":"dizajn-bez-nazvaniya.jpg","filesize":60126,"url":"https://admin.timeua.info/wp-content/uploads/2020/09/dizajn-bez-nazvaniya.jpg","link":"https://admin.timeua.info/dizajn-bez-nazvaniya/","alt":"","author":"2","description":"","caption":"","name":"dizajn-bez-nazvaniya","status":"inherit","uploaded_to":0,"date":"2020-09-09 14:11:08","modified":"2020-09-09 14:11:22","menu_order":0,"mime_type":"image/jpeg","type":"image","subtype":"jpeg","icon":"https://admin.timeua.info/wp-includes/images/media/default.png","width":1587,"height":2245,"sizes":{"thumbnail":"https://admin.timeua.info/wp-content/uploads/2020/09/dizajn-bez-nazvaniya-150x150.jpg","thumbnail-width":150,"thumbnail-height":150,"medium":"https://admin.timeua.info/wp-content/uploads/2020/09/dizajn-bez-nazvaniya-212x300.jpg","medium-width":212,"medium-height":300,"medium_large":"https://admin.timeua.info/wp-content/uploads/2020/09/dizajn-bez-nazvaniya-768x1086.jpg","medium_large-width":768,"medium_large-height":1086,"large":"https://admin.timeua.info/wp-content/uploads/2020/09/dizajn-bez-nazvaniya-724x1024.jpg","large-width":724,"large-height":1024,"1536x1536":"https://admin.timeua.info/wp-content/uploads/2020/09/dizajn-bez-nazvaniya-1086x1536.jpg","1536x1536-width":1086,"1536x1536-height":1536,"2048x2048":"https://admin.timeua.info/wp-content/uploads/2020/09/dizajn-bez-nazvaniya-1448x2048.jpg","2048x2048-width":1448,"2048x2048-height":2048}},"link":"https://time-admin.webbuilder.in.ua/"},"bannerMA":{"banner_na_glavnoj_posle_bloka_analitiki_-_317x617_px":null,"img":{"ID":1058,"id":1058,"title":"banner","filename":"dizajn-bez-nazvaniya.jpg","filesize":60126,"url":"https://admin.timeua.info/wp-content/uploads/2020/09/dizajn-bez-nazvaniya.jpg","link":"https://admin.timeua.info/dizajn-bez-nazvaniya/","alt":"","author":"2","description":"","caption":"","name":"dizajn-bez-nazvaniya","status":"inherit","uploaded_to":0,"date":"2020-09-09 14:11:08","modified":"2020-09-09 14:11:22","menu_order":0,"mime_type":"image/jpeg","type":"image","subtype":"jpeg","icon":"https://admin.timeua.info/wp-includes/images/media/default.png","width":1587,"height":2245,"sizes":{"thumbnail":"https://admin.timeua.info/wp-content/uploads/2020/09/dizajn-bez-nazvaniya-150x150.jpg","thumbnail-width":150,"thumbnail-height":150,"medium":"https://admin.timeua.info/wp-content/uploads/2020/09/dizajn-bez-nazvaniya-212x300.jpg","medium-width":212,"medium-height":300,"medium_large":"https://admin.timeua.info/wp-content/uploads/2020/09/dizajn-bez-nazvaniya-768x1086.jpg","medium_large-width":768,"medium_large-height":1086,"large":"https://admin.timeua.info/wp-content/uploads/2020/09/dizajn-bez-nazvaniya-724x1024.jpg","large-width":724,"large-height":1024,"1536x1536":"https://admin.timeua.info/wp-content/uploads/2020/09/dizajn-bez-nazvaniya-1086x1536.jpg","1536x1536-width":1086,"1536x1536-height":1536,"2048x2048":"https://admin.timeua.info/wp-content/uploads/2020/09/dizajn-bez-nazvaniya-1448x2048.jpg","2048x2048-width":1448,"2048x2048-height":2048}},"link":"https://time-admin.webbuilder.in.ua/"},"bannerMM":{"banner_na_glavnoj_posle_topovyh_novostej_-_1041x139_px":null,"img":{"ID":1054,"id":1054,"title":"бал хризантем","filename":"20-dnej-kopiya-kopiya.jpg","filesize":267267,"url":"https://admin.timeua.info/wp-content/uploads/2020/09/20-dnej-kopiya-kopiya.jpg","link":"https://admin.timeua.info/20-dnej-kopiya-kopiya/","alt":"","author":"2","description":"","caption":"фельдман экопарк","name":"20-dnej-kopiya-kopiya","status":"inherit","uploaded_to":0,"date":"2020-09-09 14:01:00","modified":"2020-09-09 14:01:20","menu_order":0,"mime_type":"image/jpeg","type":"image","subtype":"jpeg","icon":"https://admin.timeua.info/wp-includes/images/media/default.png","width":1041,"height":139,"sizes":{"thumbnail":"https://admin.timeua.info/wp-content/uploads/2020/09/20-dnej-kopiya-kopiya-150x139.jpg","thumbnail-width":150,"thumbnail-height":139,"medium":"https://admin.timeua.info/wp-content/uploads/2020/09/20-dnej-kopiya-kopiya-300x40.jpg","medium-width":300,"medium-height":40,"medium_large":"https://admin.timeua.info/wp-content/uploads/2020/09/20-dnej-kopiya-kopiya-768x103.jpg","medium_large-width":768,"medium_large-height":103,"large":"https://admin.timeua.info/wp-content/uploads/2020/09/20-dnej-kopiya-kopiya-1024x137.jpg","large-width":1024,"large-height":137,"1536x1536":"https://admin.timeua.info/wp-content/uploads/2020/09/20-dnej-kopiya-kopiya.jpg","1536x1536-width":1041,"1536x1536-height":139,"2048x2048":"https://admin.timeua.info/wp-content/uploads/2020/09/20-dnej-kopiya-kopiya.jpg","2048x2048-width":1041,"2048x2048-height":139}},"link":"https://www.instagram.com/feldman_ecopark/?hl=ru"},"bannerMT1":{"banner_na_glavnoj_verhnyaya_polovina_sprava_-_348x303_px":null,"img":{"ID":1519,"id":1519,"title":"газета","filename":"gazeta-1.jpg","filesize":144898,"url":"https://admin.timeua.info/wp-content/uploads/2020/09/gazeta-1.jpg","link":"https://admin.timeua.info/gazeta-2/","alt":"","author":"2","description":"","caption":"","name":"gazeta-2","status":"inherit","uploaded_to":0,"date":"2020-09-21 13:31:04","modified":"2020-09-21 13:31:04","menu_order":0,"mime_type":"image/jpeg","type":"image","subtype":"jpeg","icon":"https://admin.timeua.info/wp-includes/images/media/default.png","width":348,"height":303,"sizes":{"thumbnail":"https://admin.timeua.info/wp-content/uploads/2020/09/gazeta-1-150x150.jpg","thumbnail-width":150,"thumbnail-height":150,"medium":"https://admin.timeua.info/wp-content/uploads/2020/09/gazeta-1-300x261.jpg","medium-width":300,"medium-height":261,"medium_large":"https://admin.timeua.info/wp-content/uploads/2020/09/gazeta-1.jpg","medium_large-width":348,"medium_large-height":303,"large":"https://admin.timeua.info/wp-content/uploads/2020/09/gazeta-1.jpg","large-width":348,"large-height":303,"1536x1536":"https://admin.timeua.info/wp-content/uploads/2020/09/gazeta-1.jpg","1536x1536-width":348,"1536x1536-height":303,"2048x2048":"https://admin.timeua.info/wp-content/uploads/2020/09/gazeta-1.jpg","2048x2048-width":348,"2048x2048-height":303}},"link":"https://timeua.info/"},"bannerMT2":{"banner_na_glavnoj_nizhnyaya_polovina_sprava_-_348x303_px":null,"img":{"ID":1518,"id":1518,"title":"Без имени-3","filename":"bez-imeni-3.jpg","filesize":65427,"url":"https://admin.timeua.info/wp-content/uploads/2020/09/bez-imeni-3.jpg","link":"https://admin.timeua.info/bez-imeni-3/","alt":"","author":"2","description":"","caption":"","name":"bez-imeni-3","status":"inherit","uploaded_to":0,"date":"2020-09-21 13:30:40","modified":"2020-09-21 13:30:40","menu_order":0,"mime_type":"image/jpeg","type":"image","subtype":"jpeg","icon":"https://admin.timeua.info/wp-includes/images/media/default.png","width":348,"height":303,"sizes":{"thumbnail":"https://admin.timeua.info/wp-content/uploads/2020/09/bez-imeni-3-150x150.jpg","thumbnail-width":150,"thumbnail-height":150,"medium":"https://admin.timeua.info/wp-content/uploads/2020/09/bez-imeni-3-300x261.jpg","medium-width":300,"medium-height":261,"medium_large":"https://admin.timeua.info/wp-content/uploads/2020/09/bez-imeni-3.jpg","medium_large-width":348,"medium_large-height":303,"large":"https://admin.timeua.info/wp-content/uploads/2020/09/bez-imeni-3.jpg","large-width":348,"large-height":303,"1536x1536":"https://admin.timeua.info/wp-content/uploads/2020/09/bez-imeni-3.jpg","1536x1536-width":348,"1536x1536-height":303,"2048x2048":"https://admin.timeua.info/wp-content/uploads/2020/09/bez-imeni-3.jpg","2048x2048-width":348,"2048x2048-height":303}},"link":"https://timeua.info/media-center/"},"bannerNB":{"banner_na_novostyah_snizu_-_1044x258_px":null,"img":{"ID":1056,"id":1056,"title":"бал хризантем","filename":"20-dnej-kopiya-kopiya-kopiya.jpg","filesize":482402,"url":"https://admin.timeua.info/wp-content/uploads/2020/09/20-dnej-kopiya-kopiya-kopiya.jpg","link":"https://admin.timeua.info/20-dnej-kopiya-kopiya-kopiya/","alt":"","author":"2","description":"Фельдман экопарк","caption":"","name":"20-dnej-kopiya-kopiya-kopiya","status":"inherit","uploaded_to":0,"date":"2020-09-09 14:07:52","modified":"2020-09-09 14:08:09","menu_order":0,"mime_type":"image/jpeg","type":"image","subtype":"jpeg","icon":"https://admin.timeua.info/wp-includes/images/media/default.png","width":1044,"height":258,"sizes":{"thumbnail":"https://admin.timeua.info/wp-content/uploads/2020/09/20-dnej-kopiya-kopiya-kopiya-150x150.jpg","thumbnail-width":150,"thumbnail-height":150,"medium":"https://admin.timeua.info/wp-content/uploads/2020/09/20-dnej-kopiya-kopiya-kopiya-300x74.jpg","medium-width":300,"medium-height":74,"medium_large":"https://admin.timeua.info/wp-content/uploads/2020/09/20-dnej-kopiya-kopiya-kopiya-768x190.jpg","medium_large-width":768,"medium_large-height":190,"large":"https://admin.timeua.info/wp-content/uploads/2020/09/20-dnej-kopiya-kopiya-kopiya-1024x253.jpg","large-width":1024,"large-height":253,"1536x1536":"https://admin.timeua.info/wp-content/uploads/2020/09/20-dnej-kopiya-kopiya-kopiya.jpg","1536x1536-width":1044,"1536x1536-height":258,"2048x2048":"https://admin.timeua.info/wp-content/uploads/2020/09/20-dnej-kopiya-kopiya-kopiya.jpg","2048x2048-width":1044,"2048x2048-height":258}},"link":"https://www.instagram.com/feldman_ecopark/?hl=ru"},"bannerNR":{"banner_na_novostyah_sprava_-_219x436_px":null,"img":{"ID":1058,"id":1058,"title":"banner","filename":"dizajn-bez-nazvaniya.jpg","filesize":60126,"url":"https://admin.timeua.info/wp-content/uploads/2020/09/dizajn-bez-nazvaniya.jpg","link":"https://admin.timeua.info/dizajn-bez-nazvaniya/","alt":"","author":"2","description":"","caption":"","name":"dizajn-bez-nazvaniya","status":"inherit","uploaded_to":0,"date":"2020-09-09 14:11:08","modified":"2020-09-09 14:11:22","menu_order":0,"mime_type":"image/jpeg","type":"image","subtype":"jpeg","icon":"https://admin.timeua.info/wp-includes/images/media/default.png","width":1587,"height":2245,"sizes":{"thumbnail":"https://admin.timeua.info/wp-content/uploads/2020/09/dizajn-bez-nazvaniya-150x150.jpg","thumbnail-width":150,"thumbnail-height":150,"medium":"https://admin.timeua.info/wp-content/uploads/2020/09/dizajn-bez-nazvaniya-212x300.jpg","medium-width":212,"medium-height":300,"medium_large":"https://admin.timeua.info/wp-content/uploads/2020/09/dizajn-bez-nazvaniya-768x1086.jpg","medium_large-width":768,"medium_large-height":1086,"large":"https://admin.timeua.info/wp-content/uploads/2020/09/dizajn-bez-nazvaniya-724x1024.jpg","large-width":724,"large-height":1024,"1536x1536":"https://admin.timeua.info/wp-content/uploads/2020/09/dizajn-bez-nazvaniya-1086x1536.jpg","1536x1536-width":1086,"1536x1536-height":1536,"2048x2048":"https://admin.timeua.info/wp-content/uploads/2020/09/dizajn-bez-nazvaniya-1448x2048.jpg","2048x2048-width":1448,"2048x2048-height":2048}},"link":"https://time-admin.webbuilder.in.ua/"},"bannerPR":{"banner_na_personah_-_335x1019_px":null,"img":{"ID":1058,"id":1058,"title":"banner","filename":"dizajn-bez-nazvaniya.jpg","filesize":60126,"url":"https://admin.timeua.info/wp-content/uploads/2020/09/dizajn-bez-nazvaniya.jpg","link":"https://admin.timeua.info/dizajn-bez-nazvaniya/","alt":"","author":"2","description":"","caption":"","name":"dizajn-bez-nazvaniya","status":"inherit","uploaded_to":0,"date":"2020-09-09 14:11:08","modified":"2020-09-09 14:11:22","menu_order":0,"mime_type":"image/jpeg","type":"image","subtype":"jpeg","icon":"https://admin.timeua.info/wp-includes/images/media/default.png","width":1587,"height":2245,"sizes":{"thumbnail":"https://admin.timeua.info/wp-content/uploads/2020/09/dizajn-bez-nazvaniya-150x150.jpg","thumbnail-width":150,"thumbnail-height":150,"medium":"https://admin.timeua.info/wp-content/uploads/2020/09/dizajn-bez-nazvaniya-212x300.jpg","medium-width":212,"medium-height":300,"medium_large":"https://admin.timeua.info/wp-content/uploads/2020/09/dizajn-bez-nazvaniya-768x1086.jpg","medium_large-width":768,"medium_large-height":1086,"large":"https://admin.timeua.info/wp-content/uploads/2020/09/dizajn-bez-nazvaniya-724x1024.jpg","large-width":724,"large-height":1024,"1536x1536":"https://admin.timeua.info/wp-content/uploads/2020/09/dizajn-bez-nazvaniya-1086x1536.jpg","1536x1536-width":1086,"1536x1536-height":1536,"2048x2048":"https://admin.timeua.info/wp-content/uploads/2020/09/dizajn-bez-nazvaniya-1448x2048.jpg","2048x2048-width":1448,"2048x2048-height":2048}},"link":"https://time-admin.webbuilder.in.ua/"},"header_menu":[{"link":{"title":"Харьков","url":"/harkov/","target":""},"subMenu":[{"link":{"title":"Блог","url":"/blog","target":""}},{"link":{"title":"Новости спорта","url":"/sport-news","target":""}}]},{"link":{"title":"Украина","url":"/ukraina/","target":""},"subMenu":false},{"link":{"title":"Аналитика","url":"/analitika/","target":""},"subMenu":false},{"link":{"title":"Мнения","url":"/mneniya/","target":""},"subMenu":false},{"link":{"title":"Светская хроника","url":"https://time-admin.webbuilder.in.ua/svetskaya-hronika/","target":""},"subMenu":false},{"link":{"title":"Персоны","url":"https://time-admin.webbuilder.in.ua/persona/","target":""},"subMenu":false},{"link":{"title":"Подкасты","url":"https://time-admin.webbuilder.in.ua/podkasty/","target":""},"subMenu":false},{"link":{"title":"Время тв","url":"https://time-admin.webbuilder.in.ua/vremya-tv/","target":""},"subMenu":false},{"link":{"title":"Фото","url":"https://time-admin.webbuilder.in.ua/images/","target":""},"subMenu":false},{"link":{"title":"О нас","url":"https://time-admin.webbuilder.in.ua/o-nas/","target":""},"subMenu":[{"link":{"title":"Контакты","url":"/contacts","target":""}},{"link":{"title":"Медиацентр","url":"/media-center","target":""}}]},{"link":{"title":"Спецтемы","url":"https://time-admin.webbuilder.in.ua/specztemy/","target":""},"subMenu":false}],"linkFacebook":"https://www.facebook.com/timeinfo.ua/","linkInstagram":"https://instagram.com/time_info_media","linkTelegram":"https://web.telegram.org/","linkTwitter":"https://twitter.com/","linkYoutube":"https://www.youtube.com/","logo":{"ID":47,"id":47,"title":"logo","filename":"logo.svg","filesize":57326,"url":"https://admin.timeua.info/wp-content/uploads/2020/08/logo.svg","link":"https://admin.timeua.info/logo/","alt":"","author":"1","description":"","caption":"","name":"logo","status":"inherit","uploaded_to":0,"date":"2020-08-06 05:41:47","modified":"2020-08-06 05:41:47","menu_order":0,"mime_type":"image/svg+xml","type":"image","subtype":"svg+xml","icon":"https://admin.timeua.info/wp-includes/images/media/default.png","width":240,"height":60,"sizes":{"thumbnail":"https://admin.timeua.info/wp-content/uploads/2020/08/logo.svg","thumbnail-width":150,"thumbnail-height":150,"medium":"https://admin.timeua.info/wp-content/uploads/2020/08/logo.svg","medium-width":300,"medium-height":300,"medium_large":"https://admin.timeua.info/wp-content/uploads/2020/08/logo.svg","medium_large-width":768,"medium_large-height":1,"large":"https://admin.timeua.info/wp-content/uploads/2020/08/logo.svg","large-width":1024,"large-height":1024,"1536x1536":"https://admin.timeua.info/wp-content/uploads/2020/08/logo.svg","1536x1536-width":240,"1536x1536-height":60,"2048x2048":"https://admin.timeua.info/wp-content/uploads/2020/08/logo.svg","2048x2048-width":240,"2048x2048-height":60}},"ru":{"header_menu":[{"link":{"title":"Харьков","url":"/harkov/","target":""},"subMenu":false},{"link":{"title":"Украина","url":"/ukraina/","target":""},"subMenu":false},{"link":{"title":"Аналитика","url":"/analitika/","target":""},"subMenu":false},{"link":{"title":"Мнения","url":"/mneniya/","target":""},"subMenu":[{"link":{"title":"Медицина","url":"/mneniya/mediczina","target":""}},{"link":{"title":"Культурные обзоры","url":"/mneniya/kulturnye-obzory","target":""}},{"link":{"title":"Рынок недвижимости","url":"/mneniya/rynok-nedvizhimosti","target":""}},{"link":{"title":"Экология","url":"/mneniya/ekologiya","target":""}}]},{"link":{"title":"Время ТВ","url":"/video","target":""},"subMenu":false},{"link":{"title":"Фото","url":"/images","target":""},"subMenu":false},{"link":{"title":"Персоны","url":"/persona","target":""},"subMenu":false},{"link":{"title":"Спецтемы","url":"/specztemy/","target":""},"subMenu":false},{"link":{"title":"Светская хроника","url":"/svetskaya-hronika/","target":""},"subMenu":false},{"link":{"title":"Подкасты","url":"/podkasty/","target":""},"subMenu":false},{"link":{"title":"О нас","url":"/o-nas/","target":""},"subMenu":[{"link":{"title":"Контакты","url":"/contacts/","target":""}},{"link":{"title":"Медиацентр","url":"/media-center/","target":""}}]}],"pdf":"https://admin.timeua.info/wp-content/uploads/2020/11/061120.pdf"},"sitemap":[{"link":"https://timeua.info/contacts/","date":""},{"link":"https://timeua.info/media-center/","date":""},{"link":"https://timeua.info/o-nas/1","date":""}],"uk":{"header_menu":[{"link":{"title":"Харків","url":"/harkov/","target":""},"subMenu":false},{"link":{"title":"Україна","url":"/ukraina/","target":""},"subMenu":false},{"link":{"title":"Аналітика","url":"/analitika/","target":""},"subMenu":false},{"link":{"title":"Думки","url":"/mneniya/","target":""},"subMenu":[{"link":{"title":"Медицина","url":"/mneniya/mediczina","target":""}},{"link":{"title":"Культурные обзоры","url":"/mneniya/kulturnye-obzory","target":""}},{"link":{"title":"Рынок недвижимости","url":"/mneniya/rynok-nedvizhimosti","target":""}},{"link":{"title":"Экология","url":"/mneniya/ekologiya","target":""}}]},{"link":{"title":"Час ТВ","url":"/video","target":""},"subMenu":false},{"link":{"title":"Фото","url":"/images","target":""},"subMenu":false},{"link":{"title":"Персони","url":"/persona","target":""},"subMenu":false},{"link":{"title":"Спецтемы","url":"/specztemy/","target":""},"subMenu":false},{"link":{"title":"Світська хроніка","url":"/svetskaya-hronika/","target":""},"subMenu":false},{"link":{"title":"Подкасти","url":"/podkasty/","target":""},"subMenu":false},{"link":{"title":"Про нас","url":"/o-nas/","target":""},"subMenu":[{"link":{"title":"Контакты","url":"/contacts/","target":""}},{"link":{"title":"Медиацентр","url":"/media-center/","target":""}}]}],"pdf":"https://admin.timeua.info/wp-content/uploads/2020/11/061120.pdf"}}}