[{"id":3243,"date":"2020-04-29T09:59:47","date_gmt":"2020-04-29T09:59:47","guid":{"rendered":"https://admin.sirinsoftware.com/?post_type=portfolio&#038;p=3243"},"modified":"2020-07-20T13:49:11","modified_gmt":"2020-07-20T13:49:11","slug":"tablet-app-for-smart-store-9","status":"publish","type":"portfolio","link":"https://admin.sirinsoftware.com/case-studies/tablet-app-for-smart-store-9/","title":{"rendered":"Tablet App for Smart Store"},"menu_order":0,"template":"","portfolio-cat":[5],"acf":{"portfolio_frontend_style":"embedded-linux-outsourcing","hide_protected_code_field":"no","portfolio_project_image_top":false,"portfolio_client_background":"<p><span style=\"font-weight: 400;\">Our client is a startup company launched by former </span><span style=\"font-weight: 400;\">Google employees Paul MacDonald and Ashwath Rajan. The </span><span style=\"font-weight: 400;\">idea behind the company is to build 5ft-wide &#8220;pantry boxes&#8221; </span><span style=\"font-weight: 400;\">that contain non-perishable food and other items similar to </span><span style=\"font-weight: 400;\">those found in convenience stores/bodegas.</span></p>\n","portfolio_business_challenge":"<p><span style=\"font-weight: 400;\">The client required the creation of a vending machine/kiosk touchscreen application. </span><span style=\"font-weight: 400;\">A tablet interfaces with a series of screens that guides users </span><span style=\"font-weight: 400;\">through a transaction process. Transitions on these interface screens </span><span style=\"font-weight: 400;\">are based on messages delivered from a store’s computer.</span></p>\n<p>&nbsp;</p>\n","portfolio_solution":"<p style=\"text-align: left;\"><span style=\"font-weight: 400;\">The goal of this project was to create a pilot app to be </span><span style=\"font-weight: 400;\">used on 20-40 stores/tablets. We created a simple Python MVC </span><span style=\"font-weight: 400;\">application (QT GUI as view, interactions with store computer via </span><span style=\"font-weight: 400;\">ZeroMQ, custom keyboard). We delivered a method of </span><span style=\"font-weight: 400;\">receipt to the user using an email screen (created specifically </span><span style=\"font-weight: 400;\">for easier email typing on the touchscreen). The touchscreens were </span><span style=\"font-weight: 400;\">connected to the store. The touchscreen tablet interface is a series </span><span style=\"font-weight: 400;\">of screens guiding the user through the transaction process.</span></p>\n<p style=\"text-align: left;\"><span style=\"font-weight: 400;\">The state (screen) of the interface transitions was based on messages </span><span style=\"font-weight: 400;\">from the store computer. This screen is capable of transition based on users’ touchscreen input.</span></p>\n<p>&nbsp;</p>\n<p><strong>Gui&#8217;s events:</strong></p>\n<ul>\n<li><span style=\"font-weight: 400;\"> Card swipe</span></li>\n<li><span style=\"font-weight: 400;\"> Store Unlock from app</span></li>\n<li><span style=\"font-weight: 400;\"> Valid Swipe</span></li>\n<li><span style=\"font-weight: 400;\"> Invalid Swipe</span></li>\n<li><span style=\"font-weight: 400;\"> Timeout</span></li>\n<li><span style=\"font-weight: 400;\"> Door Opened</span></li>\n<li><span style=\"font-weight: 400;\"> Door Locked</span></li>\n<li><span style=\"font-weight: 400;\"> Door Closed</span></li>\n<li><span style=\"font-weight: 400;\"> Skip Button Pressed</span></li>\n<li><span style=\"font-weight: 400;\"> Email Button Pressed</span></li>\n<li><span style=\"font-weight: 400;\"> Error message</span></li>\n<li><span style=\"font-weight: 400;\"> App transaction is finished</span></li>\n</ul>\n<p><span style=\"font-weight: 400;\">In accordance with client requirements and guidelines, we created the design for the app.</span></p>\n<div class='custom-lightbox-gallery-5f9f2b0335af5'><div class='custom-lightbox-gallery-slide'>\n                <a target='__blank' href='https://admin.sirinsoftware.com/wp-content/uploads/2020/04/2020-04-29-12-59-19-1000x495.jpg' data-lightbox='image-5f9f2b0335af5' data-title='My caption'>\n                    <img width='' src='https://admin.sirinsoftware.com/wp-content/uploads/2020/04/2020-04-29-12-59-19-350x275.jpg'>\n                </a>\n\t\t\t</div><div class='custom-lightbox-gallery-slide'>\n                <a target='__blank' href='https://admin.sirinsoftware.com/wp-content/uploads/2020/04/2020-04-29-12-59-20-1000x495.jpg' data-lightbox='image-5f9f2b0335af5' data-title='My caption'>\n                    <img width='' src='https://admin.sirinsoftware.com/wp-content/uploads/2020/04/2020-04-29-12-59-20-350x275.jpg'>\n                </a>\n\t\t\t</div><div class='custom-lightbox-gallery-slide'>\n                <a target='__blank' href='https://admin.sirinsoftware.com/wp-content/uploads/2020/04/2020-04-29-12-59-17-1000x495.jpg' data-lightbox='image-5f9f2b0335af5' data-title='My caption'>\n                    <img width='' src='https://admin.sirinsoftware.com/wp-content/uploads/2020/04/2020-04-29-12-59-17-350x275.jpg'>\n                </a>\n\t\t\t</div><div class='custom-lightbox-gallery-slide'>\n                <a target='__blank' href='https://admin.sirinsoftware.com/wp-content/uploads/2020/04/2020-04-29-12-59-15-1000x495.jpg' data-lightbox='image-5f9f2b0335af5' data-title='My caption'>\n                    <img width='' src='https://admin.sirinsoftware.com/wp-content/uploads/2020/04/2020-04-29-12-59-15-350x275.jpg'>\n                </a>\n\t\t\t</div><div class='custom-lightbox-gallery-slide'>\n                <a target='__blank' href='https://admin.sirinsoftware.com/wp-content/uploads/2020/04/2020-04-29-12-59-14-1000x495.jpg' data-lightbox='image-5f9f2b0335af5' data-title='My caption'>\n                    <img width='' src='https://admin.sirinsoftware.com/wp-content/uploads/2020/04/2020-04-29-12-59-14-350x275.jpg'>\n                </a>\n\t\t\t</div><div class='custom-lightbox-gallery-slide'>\n                <a target='__blank' href='https://admin.sirinsoftware.com/wp-content/uploads/2020/04/2020-04-29-12-59-12-1000x495.jpg' data-lightbox='image-5f9f2b0335af5' data-title='My caption'>\n                    <img width='' src='https://admin.sirinsoftware.com/wp-content/uploads/2020/04/2020-04-29-12-59-12-350x275.jpg'>\n                </a>\n\t\t\t</div><div class='custom-lightbox-gallery-slide'>\n                <a target='__blank' href='https://admin.sirinsoftware.com/wp-content/uploads/2020/04/2020-04-29-12-59-11-1000x495.jpg' data-lightbox='image-5f9f2b0335af5' data-title='My caption'>\n                    <img width='' src='https://admin.sirinsoftware.com/wp-content/uploads/2020/04/2020-04-29-12-59-11-350x275.jpg'>\n                </a>\n\t\t\t</div><div class='custom-lightbox-gallery-slide'>\n                <a target='__blank' href='https://admin.sirinsoftware.com/wp-content/uploads/2020/04/2020-04-29-12-59-09-1000x495.jpg' data-lightbox='image-5f9f2b0335af5' data-title='My caption'>\n                    <img width='' src='https://admin.sirinsoftware.com/wp-content/uploads/2020/04/2020-04-29-12-59-09-350x275.jpg'>\n                </a>\n\t\t\t</div></div>\n    <style>\n            .custom-lightbox-gallery-5f9f2b0335af5 .custom-lightbox-gallery-slide img {\n                border: none !important;\n                width: 100%;              \n            }\n            .custom-lightbox-gallery-5f9f2b0335af5 .custom-lightbox-gallery-slide {\n                overflow: hidden;\n                width: 33%;\n                height: 150px;\n                display: inline-block;\n                margin: 1px 0.165%;   \n                vertical-align: top;\n                text-align: left;\n                box-sizing: border-box;\n            }\n            .custom-lightbox-gallery-5f9f2b0335af5 .custom-lightbox-gallery-slide:hover img {\n                transform: scale(1.3);\n                transition: 1s;\n            }\n    </style>\n    <script data-chunk='sirinsoftware-frontity' src='https://code.jquery.com/jquery-3.5.1.min.js'></script>\n    <script data-chunk='sirinsoftware-frontity' type='text/javascript' src='https://admin.sirinsoftware.com/wp-content/themes/sirinsoftware/lightbox/js/lightbox-plus-jquery.js'></script>\n    <link rel='stylesheet' href='https://admin.sirinsoftware.com/wp-content/themes/sirinsoftware/lightbox/css/lightbox.css' type='text/css' media='all' />\n    \n","portfolio_solution_img":false,"portfolio_value_delivered":"<ul>\n<li><span style=\"font-weight: 400;\"> The app collects information in order to send receipts to customers and provide statistics for managers</span></li>\n<li><span style=\"font-weight: 400;\"> The app is highly user-friendly</span></li>\n<li><span style=\"font-weight: 400;\"> All relevant customer input was collected and sent to the stores’ owners for marketing</span></li>\n</ul>\n","portfolio_target_use_cases":"","portfolio_project_image_bottom":false,"portfolio_client_title":"Confidential","portfolio_client_logo":false,"block_ukraine":false,"portfolio_business_area":"Retail","portfolio_geography":"USA","portfolio_relationship_status":"","mobile_app_subtitle":"","mobile_app_description":"","mobile_app_image1":false,"mobile_app_image2":false,"mobile_app_image3":false,"embedded_linux_platform":"","embedded_linux_supported":"","embedded_linux_host_network":"","embedded_linux_in_the_box":"","embedded_linux_technology_list":[{"embedded_linux_technology_list_item":"Python 3.6"},{"embedded_linux_technology_list_item":"PyQT"},{"embedded_linux_technology_list_item":"ZeroMQ"},{"embedded_linux_technology_list_item":"PyCharm"}],"embedded_linux_technology_img":false,"web_projects_backend":"","web_projects_frontend":"","web_projects_3rd_party_services":"","category_for_green_line":"Retail","short_description":"A vending machine/kiosk touchscreen application. Tablet interfaces with a series of screens that guides users through a transaction process. Transitions on these interface screens are based on messages delivered from a store’s computer. The goal of this project was to create a pilot app to be used on 20-40 stores. \r\nIn accordance with client requirements and guidelines, we created the design for the app.","tags":[{"tag_name":"Python"},{"tag_name":"PyQT"},{"tag_name":"ZeroMQ"}],"post_featured_image":"https://admin.sirinsoftware.com/wp-content/uploads/2020/04/2020-04-29-12-53-43.jpg","archive_featured_image":{"ID":3254,"id":3254,"title":"Tablet App for Vending Machine","filename":"2020-04-29-12-53-43.jpg","filesize":140853,"url":"https://admin.sirinsoftware.com/wp-content/uploads/2020/04/2020-04-29-12-53-43.jpg","link":"https://admin.sirinsoftware.com/case-studies/tablet-app-for-smart-store-9/attachment/tablet-app-for-vending-machine/","alt":"Tablet App for Vending Machine","author":"5","description":"","caption":"","name":"tablet-app-for-vending-machine","status":"inherit","uploaded_to":3243,"date":"2020-04-29 09:53:43","modified":"2020-07-20 11:54:43","menu_order":0,"mime_type":"image/jpeg","type":"image","subtype":"jpeg","icon":"https://admin.sirinsoftware.com/wp-includes/images/media/default.png","width":1024,"height":600,"sizes":{"thumbnail":"https://admin.sirinsoftware.com/wp-content/uploads/2020/04/2020-04-29-12-53-43-100x100.jpg","thumbnail-width":100,"thumbnail-height":100,"medium":"https://admin.sirinsoftware.com/wp-content/uploads/2020/04/2020-04-29-12-53-43-350x275.jpg","medium-width":350,"medium-height":275,"medium_large":"https://admin.sirinsoftware.com/wp-content/uploads/2020/04/2020-04-29-12-53-43-768x450.jpg","medium_large-width":768,"medium_large-height":450,"large":"https://admin.sirinsoftware.com/wp-content/uploads/2020/04/2020-04-29-12-53-43-1000x495.jpg","large-width":1000,"large-height":495,"1536x1536":"https://admin.sirinsoftware.com/wp-content/uploads/2020/04/2020-04-29-12-53-43.jpg","1536x1536-width":1024,"1536x1536-height":600,"2048x2048":"https://admin.sirinsoftware.com/wp-content/uploads/2020/04/2020-04-29-12-53-43.jpg","2048x2048-width":1024,"2048x2048-height":600}},"password":""},"head_tags":[{"tag":"title","content":"TABLET APP FOR SMART STORE"},{"tag":"meta","attributes":{"name":"description","content":"A vending machine/kiosk touchscreen application. Tablet interfaces with a series of screens that guides users through a transaction process. Transitions on these interface screens are based on messages delivered from a store’s computer."}},{"tag":"link","attributes":{"rel":"canonical","href":"https://admin.sirinsoftware.com/case-studies/tablet-app-for-smart-store-9/"}},{"tag":"meta","attributes":{"property":"og:locale","content":"en_US"}},{"tag":"meta","attributes":{"property":"og:type","content":"article"}},{"tag":"meta","attributes":{"property":"og:title","content":"TABLET APP FOR SMART STORE"}},{"tag":"meta","attributes":{"property":"og:description","content":"A vending machine/kiosk touchscreen application. Tablet interfaces with a series of screens that guides users through a transaction process. Transitions on these interface screens are based on messages delivered from a store’s computer."}},{"tag":"meta","attributes":{"property":"og:url","content":"https://admin.sirinsoftware.com/case-studies/tablet-app-for-smart-store-9/"}},{"tag":"meta","attributes":{"property":"og:site_name","content":"Sirin Software"}},{"tag":"meta","attributes":{"name":"twitter:card","content":"summary"}},{"tag":"meta","attributes":{"name":"twitter:description","content":"A vending machine/kiosk touchscreen application. Tablet interfaces with a series of screens that guides users through a transaction process. Transitions on these interface screens are based on messages delivered from a store’s computer."}},{"tag":"meta","attributes":{"name":"twitter:title","content":"TABLET APP FOR SMART STORE"}},{"tag":"link","attributes":{"rel":"dns-prefetch","href":"//s.w.org"}},{"tag":"link","attributes":{"rel":"https://api.w.org/","href":"https://admin.sirinsoftware.com/wp-json/"}},{"tag":"link","attributes":{"rel":"EditURI","type":"application/rsd+xml","title":"RSD","href":"https://admin.sirinsoftware.com/xmlrpc.php?rsd"}},{"tag":"link","attributes":{"rel":"wlwmanifest","type":"application/wlwmanifest+xml","href":"https://admin.sirinsoftware.com/wp-includes/wlwmanifest.xml"}},{"tag":"link","attributes":{"rel":"shortlink","href":"https://admin.sirinsoftware.com/?p=3243"}},{"tag":"link","attributes":{"rel":"alternate","type":"application/json+oembed","href":"https://admin.sirinsoftware.com/wp-json/oembed/1.0/embed?url=https%3A%2F%2Fadmin.sirinsoftware.com%2Fcase-studies%2Ftablet-app-for-smart-store-9%2F"}},{"tag":"link","attributes":{"rel":"alternate","type":"text/xml+oembed","href":"https://admin.sirinsoftware.com/wp-json/oembed/1.0/embed?url=https%3A%2F%2Fadmin.sirinsoftware.com%2Fcase-studies%2Ftablet-app-for-smart-store-9%2F&format=xml"}}],"_links":{"self":[{"href":"https://admin.sirinsoftware.com/wp-json/wp/v2/portfolio/3243"}],"collection":[{"href":"https://admin.sirinsoftware.com/wp-json/wp/v2/portfolio"}],"about":[{"href":"https://admin.sirinsoftware.com/wp-json/wp/v2/types/portfolio"}],"type":[{"embeddable":true,"href":"https://admin.sirinsoftware.com/wp-json/wp/v2/types/portfolio"}],"wp:attachment":[{"href":"https://admin.sirinsoftware.com/wp-json/wp/v2/media?parent=3243"}],"wp:term":[{"taxonomy":"portfolio-cat","embeddable":true,"href":"https://admin.sirinsoftware.com/wp-json/wp/v2/portfolio-cat?post=3243"}],"curies":[{"name":"wp","href":"https://api.w.org/{rel}","templated":true}]}}]