{"topItems":[{"id":1453,"date":"2020-09-18 12:26:48","slug":"druzya-nazyvali-ego-zorik","status":"publish","type":"persona","content":{"rendered":""},"title":{"rendered":"Друзья называли его Зорик"},"link":"https://admin.timeua.info/persona/druzya-nazyvali-ego-zorik/","author":2,"acf":{"hide":false,"author":462,"top":false,"views":"32","uk":{"name":"Друзья называли его Зорик","title":"","description":"Несколько дней назад, 11 сентября, ушел из жизни Зиновий Сагалов, известный украинский писатель, поэт, драматург и сценарист, автор слов к популярной песне «Старый город», героем которой стал любимый нами Харьков.","content":"<p><strong>Несколько дней назад, 11 сентября, ушел из жизни Зиновий Сагалов, известный украинский писатель, поэт, драматург и сценарист, автор слов к популярной песне «Старый город», героем которой стал любимый нами Харьков.</strong><br />\nЗиновий Вульфович (Владимирович) Сагалов, выпускник отделения журналистики Харьковского государственного университета, который он окончил в 1952 году, до эмиграции всю свою жизнь, за исключением нескольких лет эвакуации, провел в родном городе. Сотрудничал с несколькими газетами, работал в разных издательствах, заведовал литературной частью Харьковского театра юного зрителя. Зиновий Владимирович — автор нескольких десятков пьес, напечатанных во всесоюзных журналах «Театр», «Современная драматургия», «Нева», его избранные произведения выходили отдельными изданиями…<br />\nВ 1964 году главным режиссером харьковского ТЮЗа становится Леонид Хаит, и с этого момента начинается революционное формирование репертуарной политики. Леонид Абрамович привлекает к сотрудничеству выдающегося украинского композитора Марка Карминского, ставшего еще при жизни классиком. В должность заведующего литературно-драматургической частью вступает молодой харьковский драматург Зиновий Сагалов. В 1968-м они втроем работают над созданием эпистолярной трагедии «Последние письма». Основой спектакля стали письма погибших фронтовиков, а также пленников фашистских тюрем и концлагерей.<br />\n— Сквозь скупые бесхитростные строки мы видели лица тех, кто пал жертвой обеих тоталитарных систем — гитлеровской и сталинской. В те годы мы еще не могли открыто говорить о репрессиях в своей стране. Но ведь существует, думали мы, ассоциативное восприятие, и те, кто придет в зрительный зал, поймут, должны понять наш эзопов язык, — писал в своих мемуарах Зиновий Владимирович.<br />\nВидимо, те кому «положено» правильно поняли «Последние письма» — после просмотра спектакля партократами он был снят с репертуара, а Леонид Хаит и Зиновий Сагалов вынуждены были уйти из театра.<br />\nК практической драматургической деятельности Сагалов вернулся в 1976 году. Не случайно автор этих строк употребил слово «практической» — в тот период Зиновий Владимирович стал соавтором постановочного процесса своих же пьес, рождавшихся на сцене Харьковского ТЮЗа в режиссерской версии Александра Беляцкого. Это была трилогия о замечательных людях, важный жизненный период которых был связан с Харьковом. Пьеса «Письма к другу» была написана А. Лихановым и И. Шуром, но в процессе работы она обрела совершенно иную фабульную окраску благодаря участию в репетициях З. Сагалова. В продолжение полюбившегося зрителями спектакля худсовет театра принял решение, что наряду с Николаем Островским необходимо рассказать об Антоне Макаренко, строительстве завода ФЭД и фронтовом корреспонденте Сергее Борзенко.<br />\nСейчас трудно в это поверить, но в конце 1970-х на спектакли «Письма к другу», «Начало фанфарного марша» и «Бой идет во тьме, чтобы закончиться светом» трудно было достать билеты! Тексты песен, звучавших в трилогии, тоже были написаны Зиновием Сагаловым.<br />\nСотрудничество режиссера Александра Беляцкого и драматурга Зиновия Сагалова продолжалось вплоть до 1990-х. Многие спектакли творческого дуумвирата обрели сценическую жизнь на сцене Харьковского академического украинского драматического театра им. Т. Г. Шевченко. Начало положила эпическая драма «Шлях» о жизненном пути Тараса Шевченко (позже по этой пьесе автор создал либретто для одноименной оперы, музыку к которой написал украинский композитор Л. Колодуб). В каждом новом сезоне поочередно выходят премьеры: документальная трагедия «705 дней до Нюрнберга», мафиозная хроника «Крестный отец» по роману М. Пьюзо, драмы «Набережная Круазетт», «Клип», «Седьмая свеча».<br />\nВ конце своей театральной карьеры ныне покойный российский артист театра и кино Сергей Юрский заинтересовался пьесой «Седьмая свеча».<br />\n— Когда в моих руках оказалась пьеса незнакомого тогда автора, после прочтения десятка страниц я сразу набрал номер телефона, обозначенный на последнем листе рукописи, и сказал: «Это надо ставить!» — вспоминал Сергей Юрьевич. — Такого со мной не случалось никогда. Это была пьеса «Полеты с ангелом, или Седьмая свеча» — Шагал! Нет, не громкое имя героя меня завлекло, и даже не смелость автора, пишущего свободным стихом. Я доверился течению собственных персонажей, поверил, что они действительно живут в «волшебной коробочке» театра. Уже живут! Независимо от того, поставлю я этот спектакль или не поставлю, даст мне Судьба сыграть Шагала и его прозрение в последнюю минуту жизни или звезды не сойдутся. Событие случилось — я узнал драматурга! В пьесе Зиновия Сагалова я увидел взлет личности, вырастающей во всемирность. Мне захотелось увидеть автора, поговорить с ним, послушать его. И я отправился в Германию, в Баварию, в сильно древний город Аугсбург. Напиток нашего общения был по большей части родной — водка. Говорилось с Зиновием Владимировичем легко. Он маленько старше меня, но, в общем-то, мы люди одного поколения и многое способны понимать с полуслова. Там, в Аугсбурге, в скромной квартире приличного «социального жилья», вдали от родины, продолжает трудиться замечательный драматург Зиновий Сагалов. Ему повезло — он всё захватил с собой. А это «всё» — любовь к театру, талант театрального автора, ну, ещё, добавим, — перо, бумагу и компьютер&#8230;<br />\nВ 2001 году Зиновий Владимирович становится гражданином Германии. Там из-под его пера выходит роман «Дело «Джойнт», или Шуба для палача» и четыре новые пьесы — «Любовные игры Сары и Элеоноры», «Блонди и Адольф», «Далекая палуба, или Яд для Петра Ильича», «Не верьте г-ну Кафке!». В 2004 году в Аугсбурге состоялось открытие авторского театра Зиновия Сагалова «Lesedrama», в котором с успехом шли его пьесы.<br />\nГоворит известный украинский, российский и израильский режиссер Александр Михайлов:<br />\n— В Израиле я, впервые в жизни, поставил пьесу Зорика (так его называли все друзья) — моноспектакль «Не верьте г-ну Кафке!» с замечательной Анеттой Табачниковой. Отправил Зорику видео, и он, посмотрев, тут же ответил: «Саша, я понял, что написал гениальную пьесу! Как играет актриса! Это должны увидеть не только в Израиле! Когда привезешь спектакль в Харьков?!.» и еще что-то очень восторженное… И в этом была такая молодая, даже юношеская наивность, удивительная способность сильно чувствовать, которая вызывала белую зависть&#8230; Спасибо тебе, дорогой Зорик! Ты так вовремя появлялся в моей жизни, ты умел жить счастливо, наполненно, заразительно, радуясь успехам других и, конечно, радуя нас своей работой. Жаль, что мы мало разговаривали в последний год, голос тебя подводил. Твой трехтомник обязательно достану и постараюсь передать русской библиотеке в Иерусалиме…<br />\n19 сентября, в первый день Нового года по еврейскому календарю, Зиновию Сагалову исполнилось бы 90 лет. Он буквально несколько дней не дожил до юбилея. Считается, что в Рош ха-Шана Бог решает, кому жить дальше, а кому умереть. Зорик узнал об этом решении чуть-чуть раньше. Светлая память на долгие годы, дорогой Зорик!</p>\n"},"ru":{"name":"Друзья называли его Зорик","title":"","description":"Несколько дней назад, 11 сентября, ушел из жизни Зиновий Сагалов, известный украинский писатель, поэт, драматург и сценарист, автор слов к популярной песне «Старый город», героем которой стал любимый нами Харьков.","content":"<p><strong>Несколько дней назад, 11 сентября, ушел из жизни Зиновий Сагалов, известный украинский писатель, поэт, драматург и сценарист, автор слов к популярной песне «Старый город», героем которой стал любимый нами Харьков.</strong><br />\nЗиновий Вульфович (Владимирович) Сагалов, выпускник отделения журналистики Харьковского государственного университета, который он окончил в 1952 году, до эмиграции всю свою жизнь, за исключением нескольких лет эвакуации, провел в родном городе. Сотрудничал с несколькими газетами, работал в разных издательствах, заведовал литературной частью Харьковского театра юного зрителя. Зиновий Владимирович — автор нескольких десятков пьес, напечатанных во всесоюзных журналах «Театр», «Современная драматургия», «Нева», его избранные произведения выходили отдельными изданиями…<br />\nВ 1964 году главным режиссером харьковского ТЮЗа становится Леонид Хаит, и с этого момента начинается революционное формирование репертуарной политики. Леонид Абрамович привлекает к сотрудничеству выдающегося украинского композитора Марка Карминского, ставшего еще при жизни классиком. В должность заведующего литературно-драматургической частью вступает молодой харьковский драматург Зиновий Сагалов. В 1968-м они втроем работают над созданием эпистолярной трагедии «Последние письма». Основой спектакля стали письма погибших фронтовиков, а также пленников фашистских тюрем и концлагерей.<br />\n— Сквозь скупые бесхитростные строки мы видели лица тех, кто пал жертвой обеих тоталитарных систем — гитлеровской и сталинской. В те годы мы еще не могли открыто говорить о репрессиях в своей стране. Но ведь существует, думали мы, ассоциативное восприятие, и те, кто придет в зрительный зал, поймут, должны понять наш эзопов язык, — писал в своих мемуарах Зиновий Владимирович.<br />\nВидимо, те кому «положено» правильно поняли «Последние письма» — после просмотра спектакля партократами он был снят с репертуара, а Леонид Хаит и Зиновий Сагалов вынуждены были уйти из театра.<br />\nК практической драматургической деятельности Сагалов вернулся в 1976 году. Не случайно автор этих строк употребил слово «практической» — в тот период Зиновий Владимирович стал соавтором постановочного процесса своих же пьес, рождавшихся на сцене Харьковского ТЮЗа в режиссерской версии Александра Беляцкого. Это была трилогия о замечательных людях, важный жизненный период которых был связан с Харьковом. Пьеса «Письма к другу» была написана А. Лихановым и И. Шуром, но в процессе работы она обрела совершенно иную фабульную окраску благодаря участию в репетициях З. Сагалова. В продолжение полюбившегося зрителями спектакля худсовет театра принял решение, что наряду с Николаем Островским необходимо рассказать об Антоне Макаренко, строительстве завода ФЭД и фронтовом корреспонденте Сергее Борзенко.<br />\nСейчас трудно в это поверить, но в конце 1970-х на спектакли «Письма к другу», «Начало фанфарного марша» и «Бой идет во тьме, чтобы закончиться светом» трудно было достать билеты! Тексты песен, звучавших в трилогии, тоже были написаны Зиновием Сагаловым.<br />\nСотрудничество режиссера Александра Беляцкого и драматурга Зиновия Сагалова продолжалось вплоть до 1990-х. Многие спектакли творческого дуумвирата обрели сценическую жизнь на сцене Харьковского академического украинского драматического театра им. Т. Г. Шевченко. Начало положила эпическая драма «Шлях» о жизненном пути Тараса Шевченко (позже по этой пьесе автор создал либретто для одноименной оперы, музыку к которой написал украинский композитор Л. Колодуб). В каждом новом сезоне поочередно выходят премьеры: документальная трагедия «705 дней до Нюрнберга», мафиозная хроника «Крестный отец» по роману М. Пьюзо, драмы «Набережная Круазетт», «Клип», «Седьмая свеча».<br />\nВ конце своей театральной карьеры ныне покойный российский артист театра и кино Сергей Юрский заинтересовался пьесой «Седьмая свеча».<br />\n— Когда в моих руках оказалась пьеса незнакомого тогда автора, после прочтения десятка страниц я сразу набрал номер телефона, обозначенный на последнем листе рукописи, и сказал: «Это надо ставить!» — вспоминал Сергей Юрьевич. — Такого со мной не случалось никогда. Это была пьеса «Полеты с ангелом, или Седьмая свеча» — Шагал! Нет, не громкое имя героя меня завлекло, и даже не смелость автора, пишущего свободным стихом. Я доверился течению собственных персонажей, поверил, что они действительно живут в «волшебной коробочке» театра. Уже живут! Независимо от того, поставлю я этот спектакль или не поставлю, даст мне Судьба сыграть Шагала и его прозрение в последнюю минуту жизни или звезды не сойдутся. Событие случилось — я узнал драматурга! В пьесе Зиновия Сагалова я увидел взлет личности, вырастающей во всемирность. Мне захотелось увидеть автора, поговорить с ним, послушать его. И я отправился в Германию, в Баварию, в сильно древний город Аугсбург. Напиток нашего общения был по большей части родной — водка. Говорилось с Зиновием Владимировичем легко. Он маленько старше меня, но, в общем-то, мы люди одного поколения и многое способны понимать с полуслова. Там, в Аугсбурге, в скромной квартире приличного «социального жилья», вдали от родины, продолжает трудиться замечательный драматург Зиновий Сагалов. Ему повезло — он всё захватил с собой. А это «всё» — любовь к театру, талант театрального автора, ну, ещё, добавим, — перо, бумагу и компьютер&#8230;<br />\nВ 2001 году Зиновий Владимирович становится гражданином Германии. Там из-под его пера выходит роман «Дело «Джойнт», или Шуба для палача» и четыре новые пьесы — «Любовные игры Сары и Элеоноры», «Блонди и Адольф», «Далекая палуба, или Яд для Петра Ильича», «Не верьте г-ну Кафке!». В 2004 году в Аугсбурге состоялось открытие авторского театра Зиновия Сагалова «Lesedrama», в котором с успехом шли его пьесы.<br />\nГоворит известный украинский, российский и израильский режиссер Александр Михайлов:<br />\n— В Израиле я, впервые в жизни, поставил пьесу Зорика (так его называли все друзья) — моноспектакль «Не верьте г-ну Кафке!» с замечательной Анеттой Табачниковой. Отправил Зорику видео, и он, посмотрев, тут же ответил: «Саша, я понял, что написал гениальную пьесу! Как играет актриса! Это должны увидеть не только в Израиле! Когда привезешь спектакль в Харьков?!.» и еще что-то очень восторженное… И в этом была такая молодая, даже юношеская наивность, удивительная способность сильно чувствовать, которая вызывала белую зависть&#8230; Спасибо тебе, дорогой Зорик! Ты так вовремя появлялся в моей жизни, ты умел жить счастливо, наполненно, заразительно, радуясь успехам других и, конечно, радуя нас своей работой. Жаль, что мы мало разговаривали в последний год, голос тебя подводил. Твой трехтомник обязательно достану и постараюсь передать русской библиотеке в Иерусалиме…<br />\n19 сентября, в первый день Нового года по еврейскому календарю, Зиновию Сагалову исполнилось бы 90 лет. Он буквально несколько дней не дожил до юбилея. Считается, что в Рош ха-Шана Бог решает, кому жить дальше, а кому умереть. Зорик узнал об этом решении чуть-чуть раньше. Светлая память на долгие годы, дорогой Зорик!</p>\n"}},"tags":[{"term_id":356,"name":"писатель","slug":"pisatel","term_group":0,"term_taxonomy_id":356,"taxonomy":"post_tag","description":"","parent":0,"count":1,"filter":"raw","link":"https://admin.timeua.info/tag/pisatel/","acf":false},{"term_id":57,"name":"происшествие","slug":"proisshestvie","term_group":0,"term_taxonomy_id":57,"taxonomy":"post_tag","description":"","parent":0,"count":4,"filter":"raw","link":"https://admin.timeua.info/tag/proisshestvie/","acf":false},{"term_id":82,"name":"Украина","slug":"ukraina","term_group":0,"term_taxonomy_id":82,"taxonomy":"post_tag","description":"","parent":0,"count":20,"filter":"raw","link":"https://admin.timeua.info/tag/ukraina/","acf":{"uk":{"title":"Україна","description":""},"ru":{"title":"Украина","description":""}}},{"term_id":37,"name":"харьков","slug":"kharkov","term_group":0,"term_taxonomy_id":37,"taxonomy":"post_tag","description":"","parent":0,"count":44,"filter":"raw","link":"https://admin.timeua.info/tag/kharkov/","acf":{"uk":{"title":"харків","description":""},"ru":{"title":"харьков","description":""}}}],"_embedded":{"category":{"link":"","acf":false},"featured_image":{"url":"https://admin.timeua.info/wp-content/uploads/2020/09/sagalov-kopiya.png"},"author_alt":{"acf":{"uk":{"title":"Олександр Аннічев","status":"Оглядач питань культури та мистецтва газети \"Время\" ","description":"Актер драматичного театру, у різний час ведучий авторських передач про людей театру та державної і муніципальної телестудій Харкова. У реальному часі - старший викладач катедри театрознавства ХНУІ та огладач питань культури та мистецтва регіональної газети \"Время\".","content":""},"ru":{"title":"Александр Анничев","status":"Обозреватель вопросов  культуры и искусства газеты «Время».","description":"Актер драматического театра, в разное время ведущий авторских передач о людях театра на государственной и муниципальной телестудиях Харькова. В настоящее время — старший преподаватель кафедры театроведения ХНУИ и обозреватель вопросов культуры и искусства региональной газеты «Время».\r\n","content":"<p>Александр Егорович Анничев, родился в 1953 году в Саратове. Никто из членов семьи никогда не был причастен к какому-либо виду искусства. В театр попал в возрасте 13 лет и сразу на профессиональную сцену.</p>\n<p>Участвовал, в массовых сценах спектакля «Идиот» по Ф. Достоевскому, в котором Льва Николаевича Мышкина играл Олег Янковский, тогда еще мало кому известный актер.</p>\n<p>В 1966 году произошла встреча Натальей Иосифовной Сухостав — руководителем детского и юношеского театра «Молодая гвардия» , воспитавшей для профессиональной сцены более сотни актеров и режиссеров, в числе которых известные деятели театра и кино Олег Табаков, Галина Яцкина, Владимир Конкин, Валентина Грушина, и многие другие. В 1971 году окончив школу, поступил в Саратовское театральное училище на курс народного артиста России Юрия Сагьянца.</p>\n<p>С первого курса Александра Анничева призывают на срочную службу в армию. Два года отдавал воинский долг, неся боевое дежурство на космодроме Байконур. В 1973 году продолжил учебу в Саратовском театральном училище, а в 1977-м, окончил его и был приглашен актером в Харьковский театр юного зрителя. Сцене которого служил до 1985 года было сыграно еще около 30 разнохарактерных ролей.</p>\n<p>В 1981 году сдает экзамены в институт искусств и выдержав конкурс, становится студентом театроведческого факультета. Получив в 1986-м диплом распределяется на работу во Всесоюзную дирекцию цирковых программ, аттракционов и номеров, где в творческом содружестве с художником Надеждой Косаревой и балетмейстером Ларисой Потимковой вплоть до 1992 года ведет работу по организации художественно-пластического оформления цирковых номеров.</p>\n<p>В 1992 году по просьбе дирекции ТЮЗа становится руководителем литературно-драматургической части и ассистентом режиссера Александра Беляцкого, совместно с которым осуществляет постановку спектаклей «Вий» М. Кропивницкого, «Лiсова пiсня» Л. Украинки, «Сон в летнюю ночь» У. Шекспира, «Муха-Цокотуха», «Жили-были дед да баба», «Аленький цветочек», «Хозяйка Медной горы» А. Анничева.</p>\n<p>С 1996 года ведет обзор театральных событий Харькова в эфире частной компании «Радио-50» и становится ведущим авторской программы «Театральный разъезд» на независимом канале, впоследствии ставшим муниципальной студией телевидения «Ника+».</p>\n<p>В 2000 году директор и художественный руководитель Харьковского академического русского драматического театра народный артист Украины Александр Барсегян предлагает перейти во вверенный ему театр и возглавить должность заместителя директора по общественным вопросам. После шести месяцев сотрудничества с Барсегяном, уволился из русского драмтеатра и начал осваивать новую профессию — обозревателя событий культуры и искусств на полосах газеты «Вечерний Харьков».</p>\n<p>С 2003 года исполняет те же обязанности в Харьковской региональной газете «Время». По инициативе дирекции ХГТРК в соавторстве с театроведом Татьяной Киктевой принимал участие в создании творческого телепроекта «Театральный салон», В период с 2004 по 2011 годы на экраны харьковского телевидения вышло 150 выпусков «Театрального салона», повествующих о людях театра, премьерах и возникающих на этом поприще проблемах. Авторами и ведущими были — Татьяна Киктева и Александр Анничев.</p>\n"}},"link":"https://admin.timeua.info/authors/aleksandr-gerasimenko/","photo":"https://admin.timeua.info/wp-content/uploads/2020/08/annichev.png"},"author":[{"acf":"","name":"i_admin","slug":"i_admin"}]}},{"id":1274,"date":"2020-09-15 17:42:04","slug":"schaste-cherez-polveka","status":"publish","type":"persona","content":{"rendered":""},"title":{"rendered":"Счастье через полвека"},"link":"https://admin.timeua.info/persona/schaste-cherez-polveka/","author":2,"acf":{"hide":false,"author":false,"top":false,"views":"31","uk":{"name":"Счастье через полвека","title":"","description":"","content":""},"ru":{"name":"Счастье через полвека","title":"…надо быть очень похожими, иметь один градус накала страстей, ощущений. Это когда один начинает фразу,  а второй ее заканчивает…","description":"Мишель Легран - трижды обладатель кинопремии «Оскар» - в номинациях за лучшую песню «The Windmills of Your Mind» (1969), а так же в 1972 и 1984 годах и лучшую музыку к фильму, лауреат пяти премий «Грэмми» и обладатель премии «Золотой глобус».","content":"<p><strong>Мишель Легран</strong> (24 февраля 1932 – 26 января 2019)</p>\n<p><strong>Мишель Жан Легран &#8212; </strong>французский композитор, пианист, дирижер, аранжировщик и певец армянского происхождения.</p>\n<p>Он родился 24 февраля 1932 года в Париже в семье музыкантов. Самый первый музыкальный опыт Мишель получил от своего отца, который познакомил его с Морисом Шевалье и Эдит Пиаф.</p>\n<p><strong>Мишель Легран</strong> &#8212; трижды обладатель <strong>кинопремии «Оскар»</strong> &#8212; в номинациях за лучшую песню «The Windmills of Your Mind» (1969), а так же в 1972 и 1984 годах и лучшую музыку к фильму, лауреат пяти премий «Грэмми» и обладатель премии «Золотой глобус».</p>\n<p>Он умел находить красоту в повседневной жизни. Самый культовый саундтрек <strong>Мишель Леграна &#8212;</strong> «<strong>Шербургские зонтики</strong>».</p>\n<p>Один из самых романтичных фильмов в истории кино позитивно защищает от плохого настроения и неверия в свое счастье и свою судьбу уже ни одно поколение поклонников музыки, не зависящей ни от рейтингов, ни от моды…</p>\n<p>В истории кинематографа «<strong>Шербургские зонтики</strong>» &#8212; первый цветной мюзикл, в котором нет ни одной реплики.</p>\n<p>Режиссер картины Жак Деми после просмотра популярных американских телеопер Джанкарло Линотти  неожиданно решил создать что-то вроде кинооперы.</p>\n<p>«<strong>Шербургские зонтики</strong>» покорили весь мир душевной простотой, а вот героиня Катрин Денев  после выхода фильма стала настоящей законодательницей моды для девушек со всего мира.</p>\n<p>Подбирая цвет к воспоминаниям о своем детстве, Мишель говорил о сером, а если взять его ощущения, то это было чувство одиночества. Когда мама в детстве отвела его на консультацию к врачу, то у маленького Мишеля обнаружили редкое заболевание: надлом грудной кости. И врачи вынесли приговор, что ребенок долго не проживет. Но мама не опустила руки и отыскала специалистов, которые занимались лечением подобных патологий.</p>\n<blockquote><p><em>&#171;В 20 лет я еще не знал, чем конкретно буду заниматься. Концертировать, играя классическую музыку, которую до меня исполняли сотни и сотни других музыкантов, было скучно. Может, самому сочинять симфонические произведения? Или писать музыку к фильмам? Меня ничего по-настоящему не устраивало. И я принял решение не принимать никакого решения. Просто ждать своего часа. А пока работал на подхвате &#8212; играл перед киносеансами в пригородных кинотеатрах, получая по 5 франков за сеанс&#187;, &#8212; вспоминал музыкант.</em></p></blockquote>\n<p>В 1964 году в Рио &#8212; де &#8212; Жанейро, молодой Мишель Легран вытаскивает из воды тонущего друга, который знакомит его с обворожительной актрисой Марией &#8212; Магдалиной Гагариной, урожденной княжной с русско &#8212; украинскими корнями. Он &#8212; знаменитый Мишель Легран, она &#8212; Маша Мериль.</p>\n<p>Роман вспыхнул внезапно на Бразильском музыкальном фестивале, на который они оба приехали. Романтика и шум прибоя вскружили им головы. Однако влюбленным суждено было расстаться. Они не хотели причинять боль близким людям своей любовью, так как Мишель был женат, а Мария в скором времени должна была выйти замуж.</p>\n<p>И только через долгих пятьдесят лет, когда увенчанный лаврами 82  летний Мишель Легран достиг всех высот в творчестве и в карьере, они встретились.  У него уже за спиной было три развода, а 73 летняя Мария играла в театре и писала книги. Официальных мужей у нее было три.</p>\n<p>Мишель Легран начинает ходить на все ее спектакли и понимает, что всю свою жизнь любил только эту<strong> необыкновенную женщину</strong>! Любил ее, а жил с другими.</p>\n<p>Взаимные чувства вспыхивают вновь. Чтобы воссоединиться со своей возлюбленной католик Мишель Легран идет на серьезнейший шаг – он принимает православие.  Далее следует венчание.</p>\n<p>Мария Мериль говорила так:</p>\n<blockquote><p><em> «Говорят много глупостей по поводу возраста – что это некий итог, конец жизни, обретение мудрости и прочее. Тогда как возраст – это все строго наоборот. Это прежде всего обретение полной свободы. Причем свободы хулиганской, отчаянной, задорной.  С возрастом мы освобождаемся от всех комплексов, страхов и условностей, мы становимся по &#8212; хорошему бесстрашными, как бывает, наверное, в ранней юности… У нас никого и ничего не осталось, кроме нас самих. И планов на будущее и надежд и потребности радоваться. Мы были готовы все начать с нуля, заново. Энергию ощущали огромную. А новая любовь дала нам импульс. Мы стали строить планы. Причем самые амбициозные, какие только можно себе представить. Любовь дала нам силу и дикую самоуверенность…»</em></p></blockquote>\n<p>Формула идеальных  отношений для влюбленных  выглядела как необходимость быть очень похожими друг на друга:</p>\n<blockquote><p><em>«…надо быть очень похожими, иметь один градус накала страстей, ощущений. Это когда один начинает фразу,  а второй ее заканчивает…» </em></p></blockquote>\n<p>Когда Мария и Мишель шли по улице, к ним часто подходили совершенно незнакомые люди и приветствовали. В словах прохожих звучала благодарность и восхищение.</p>\n<p>Люди говорили, что счастье, которое было даровано влюбленным небесами, стало примером и дарило надежду и веру, что каждый сможет в жизни встретить свою любовь. А Мария и Мишель были вроде талисманов.</p>\n<p>Мария  и Мишель Легран прожили вместе шесть счастливых лет вплоть до самой смерти Мишель Леграна 26 января 2019 года в Париже.</p>\n<blockquote><p><em>По небу плывут и плывут облака»,</em></p>\n<p><em>Как в юности нашей когда-то…</em></p>\n<p><em>…Не понять молодым, как сладка и горька,</em></p>\n<p><em>Как прекрасна любовь на закате…</em></p></blockquote>\n"}},"tags":false,"_embedded":{"category":{"link":"","acf":false},"featured_image":{"url":"https://admin.timeua.info/wp-content/uploads/2020/09/legran_foto-1024x549.jpg"},"author_alt":{"acf":false,"link":false,"photo":false},"author":[{"acf":"","name":"i_admin","slug":"i_admin"}]}},{"id":1132,"date":"2020-09-10 13:08:46","slug":"aleksandr-petrovich-dovzhenko-ukrainskij-kinorezhisser-pisatel-kinodramaturg","status":"publish","type":"persona","content":{"rendered":""},"title":{"rendered":"Александр Петрович Довженко – украинский кинорежиссер, писатель, кинодраматург"},"link":"https://admin.timeua.info/persona/aleksandr-petrovich-dovzhenko-ukrainskij-kinorezhisser-pisatel-kinodramaturg/","author":2,"acf":{"hide":false,"author":false,"top":false,"views":"27","uk":{"name":"Александр Петрович Довженко – украинский кинорежиссер, писатель, кинодраматург","title":"","description":"","content":""},"ru":{"name":"Александр Петрович Довженко – украинский кинорежиссер, писатель, кинодраматург","title":" В жизни не было ничего, что бы его не интересовало\" - из очерка Константина Паустовского об Александре Довженко","description":"","content":"<p>&nbsp;</p>\n<p>Родился 11 сентября 1894 года (село Сосницы, Черниговская губерния, Российская империя) — 25 ноября 1956 года (Москва, РСФСР, СССР). <em>Заслуженный деятель искусств <strong>Украинской ССР</strong> (1940). </em><em><strong>Народный </strong></em><em><strong> артист РСФСР</strong> (1950).</em></p>\n<p><em>В 1957 году Киевской киностудии художественных фильмов присвоено имя А.П. Довженко</em>.  <em>В 1972 году утверждена Золотая медаль имени А.П. Довженко «<strong>За лучший военно &#8212; патриотический фильм».</strong></em></p>\n<p>Александр Петрович Довженко  родился в селе Сосница Черниговской губернии Российской Империи в бедной крестьянской семье, в которой было 14 детей. Однако выжили только двое – Александр и его сестра Прасковья. Довженко закончил приходское училище, а затем Сосницкое городское училище, считавшееся &#171;высшим начальным&#187;.</p>\n<p>В <strong>1911-1914</strong> годах Александр учился в Глуховском учительском институте. Так как врачи обнаружили у молодого человека больное сердце, к армейской службе Довженко признали непригодным и в Первой мировой войне он не участвовал.</p>\n<p>Осенью <strong>1917</strong> года Довженко переехал в Киев, где поступил в Коммерческий институт. Он также стал вольнослушателем на естественном факультете университета. А когда открылась Академия художеств, то Довженко поступил и туда.</p>\n<p>В <strong>1918</strong> по направлению Наркомпроса преподавал житомирской школе математику, физику, литературу и физкультуру. Там же познакомился с первой своей женой — молодой учительницей <strong>Варварой Крыловой</strong>. В самый разгар романа грянул <strong>1919</strong> год. Мобилизация, плен у поляков. Пришлось пережить ожидание расстрела.</p>\n<p>После установления советской власти Довженко работал в Киеве в должности секретаря губернского отдела народного образования. Одновременно ему поручили заведование отделом искусств, комиссарство в Театре имени Шевченко, организацию профсоюза работников просвещения.</p>\n<p>В <strong>1921-1923</strong> годах он перешёл на дипломатическую службу и служил в Варне и Берлине. Учился живописи в Мюнхене и в Берлинском художественном училище.</p>\n<p>В августе <strong>1923 </strong>года он возвратился в Харьков, где работал преимущественно <strong>как художник, оформляя книги и обложки журналов.</strong></p>\n<p>В <strong>1923-1926</strong> годах <strong>— художник-иллюстратор газеты «Вiсти ВУЦВК» в Харькове.</strong></p>\n<p>Летом <strong>1926</strong> года Довженко неожиданно для многих отправился в Одессу где начал учиться кинопроизводству.</p>\n<p>Во время работы над фильмом &#171;Арсенал&#187; (<strong>1929</strong>) Довженко познакомился с актрисой Юлией Солнцевой. Это была любовь с первого взгляда. Вскоре он предложил ей руку и сердце.</p>\n<p>В 30-ые годы Довженко, избегая репрессий, переезжает в Москву под покровительство самого И.В. Сталина. В <strong>1934</strong> году фильм «Иван», одна их первых советских звуковых картин, получил приз на кинофестивале в Венеции. По указанию Сталина режиссер создал кино-миф о герое гражданской войны Щорсе (<strong>1939</strong>). За которую Довженко получил Сталинскую премию. В конце 30-х годов Александр Петрович больше занимался литературным трудом, вел дневники, разрабатывал сценарии.</p>\n<blockquote><p><em>Из очерка Константина Паустовского об Александре Довженко: «В жизни не было ничего, что бы его не интересовало, &#8212; от глубоких психологических сдвигов в нашем обществе до наилучшего способа кладки печей и от анализа актерских приемов Чаплина до происхождения песни «Распрягайте, хлопцы, коней, та лягайте, хлопцы, спать».</em></p></blockquote>\n<p>Украинский режиссёр был увлечён современной темой. Он создал &#171;Землю&#187; (<strong>1932</strong>) и повез показывать фильм в Европу. Вернувшись на родину из заграничной командировки, режиссёр взялся за тему индустриализации, которую предложило ему руководство &#171;Украинафильма&#187;. Результатом стал фильм &#171;Иван&#187;, самый спорный фильм Довженко, отнявший у него больше года жизни.</p>\n<p>На Украине &#171;Ивана&#187; встретили неприязненно, и режиссёр был вынужден переехать в Москву, чтобы не чувствовать себя одиозной фигурой.</p>\n<p>Оказавшись в Москве, Довженко поступил режиссёром на &#171;Мосфильм&#187;, тогда ещё студию &#171;Союзкино&#187;, на Потылихе.</p>\n<p>Несмотря на усталость и недавно перенесенную болезнь сердца, Довженко не собирался отдыхать. Он первым из мастеров кино надел военную форму. Произошло это <strong>17 сентября 1939 года,</strong> когда Красная армия двинулась на земли Западной Украины и Западной Белоруссии. Довженко возглавил фронтовую киносъёмочную группу.</p>\n<p>В июле 1941 года вместе с женой Довженко был эвакуирован на Восток, в Уфу. Затем их перевезли в Ашхабад, куда была перемещена Киевская киностудия.</p>\n<p>Довженко просился на фронт, ведь он был не только кинематографистом, но и опытным журналистом. В феврале <strong>1942</strong> года в звании полковника его отправили на Юго-Западный фронт.</p>\n<p>В годы Великой Отечественной войны <strong>1941-45</strong> Довженко был военным корреспондентом, снял несколько документальных фильмов. Сценарий к фильму «Украина в огне» (<strong>1943</strong>), где внимание было обращено на трагедию народа, брошенного на произвол судьбы в первые недели войны, подвергся жесткой цензуре Сталина и не был принят к производству. Последней картиной Мастера стал фильм «Прощай, Америка» (<strong>1951</strong>). Пытаясь сделать идеологически точную работу, картина переделывалась много раз и, в итоге, пролежала на полке до <strong>1995</strong> года.</p>\n<p>Довженко оставил множество сценарных разработок, неоконченных съемок, литературных произведений, дневников – все это до сих пор представляет интерес и загадку для кинематографического мира.</p>\n<p>В <strong>1949-1951 и 1955-1956</strong> годах — преподаватель ВГИКа.</p>\n<p>В начале <strong>1950-</strong>х годах прибавились житейские трудности. Сестра Довженко вспоминала: &#171;Сашко жил очень бедно. У него никогда не было денег. Он носил пятнадцать лет одну шубу, серый костюм, который ему Юля часто штопала&#187;. Его не трогали эти трудности.</p>\n<p>Болезнь сердца обострялась. Довженко почти постоянно чувствовал себя больным.</p>\n<p>Осенью <strong>1951</strong> года Довженко поехал в Каховку на строительство плотины. Увиденное настолько поразило художника, что он решил поставить фильм об этой стройке и её людях. Но поставить картину Довженко не успел.</p>\n<p>Он умер в ночь на <strong>25 ноября 1956</strong> года. Завершала &#171;Поэму о море&#187; его жена — Юлия Солнцева.  Похоронен на Новодевичьем кладбище Москвы, участок № 3</p>\n"}},"tags":false,"_embedded":{"category":{"link":"","acf":false},"featured_image":{"url":"https://admin.timeua.info/wp-content/uploads/2020/09/96.jpeg"},"author_alt":{"acf":false,"link":false,"photo":false},"author":[{"acf":"","name":"i_admin","slug":"i_admin"}]}},{"id":1038,"date":"2020-09-09 13:18:41","slug":"umerla-galina-volchek-aktrisa-i-hudozhestvennyj-rukovoditel-teatra-sovremennik","status":"publish","type":"persona","content":{"rendered":""},"title":{"rendered":"Умерла Галина Волчек: актриса и художественный руководитель театра \"Современник\""},"link":"https://admin.timeua.info/persona/umerla-galina-volchek-aktrisa-i-hudozhestvennyj-rukovoditel-teatra-sovremennik/","author":2,"acf":{"hide":false,"author":false,"top":false,"views":"50","uk":{"name":"Умерла Галина Волчек","title":"","description":"","content":"<div class=\"news_block_body clearfix\">\n<p>В Москве на 87-году жизни скончалась российская актриса, режиссер, народная артистка СССР Галина Волчек. Об этом <a href=\"https://sovremennik.ru/news/sezon_2019_2020/dekabr_2019/segodnya_26_dekabrya_2019_goda_skonchalas_galina_borisovna_volchek/\" target=\"_blank\" rel=\"nofollow noopener\">сообщили</a> в театре &#171;Современник&#187;. Она была художественным руководителем этого театра на протяжении 30 лет.</p>\n<p>Волчек вечером 23 декабря была доставлена в больницу сотрудниками скорой помощи. Как уточняется, у худрука &#171;Современника&#187; возникли проблемы с сердцем.</p>\n<p>Галина Волчек родилась 19 декабря 1933 года. В 1955 году окончила Школу-студию им. Немировича-Данченко при МХАТ. С 1972 года была главным режиссером театра &#171;Современник&#187;, с 1989 года занимала пост его художественного руководителя.</p>\n<p>Снялась в таких известных советских фильмах: &#171;Дон Кихот&#187;, &#171;Шли солдаты…&#187;, &#171;Берегись автомобиля&#187;, &#171;Король Лир&#187;.</p>\n<p>Галину Волчек похоронят на Новодевичьем кладбище в Москве.</p>\n</div>\n"},"ru":{"name":"Умерла Галина Волчек","title":"","description":"","content":"<div class=\"news_block_body clearfix\">\n<p>В Москве на 87-году жизни скончалась российская актриса, режиссер, народная артистка СССР Галина Волчек. Об этом <a href=\"https://sovremennik.ru/news/sezon_2019_2020/dekabr_2019/segodnya_26_dekabrya_2019_goda_skonchalas_galina_borisovna_volchek/\" target=\"_blank\" rel=\"nofollow noopener\">сообщили</a> в театре &#171;Современник&#187;. Она была художественным руководителем этого театра на протяжении 30 лет.</p>\n<p>Волчек вечером 23 декабря была доставлена в больницу сотрудниками скорой помощи. Как уточняется, у худрука &#171;Современника&#187; возникли проблемы с сердцем.</p>\n<p>Галина Волчек родилась 19 декабря 1933 года. В 1955 году окончила Школу-студию им. Немировича-Данченко при МХАТ. С 1972 года была главным режиссером театра &#171;Современник&#187;, с 1989 года занимала пост его художественного руководителя.</p>\n<p>Снялась в таких известных советских фильмах: &#171;Дон Кихот&#187;, &#171;Шли солдаты…&#187;, &#171;Берегись автомобиля&#187;, &#171;Король Лир&#187;.</p>\n<p>Галину Волчек похоронят на Новодевичьем кладбище в Москве.</p>\n</div>\n"}},"tags":false,"_embedded":{"category":{"link":"","acf":false},"featured_image":{"url":"https://admin.timeua.info/wp-content/uploads/2020/09/18916.jpeg"},"author_alt":{"acf":false,"link":false,"photo":false},"author":[{"acf":"","name":"i_admin","slug":"i_admin"}]}}],"timeline":[{"id":1036,"date":"2020-09-09 13:14:47","slug":"tri-zhizni-lyudmily-vazhnevoj","status":"publish","type":"persona","content":{"rendered":""},"title":{"rendered":"Три жизни Людмилы Важневой"},"link":"https://admin.timeua.info/persona/tri-zhizni-lyudmily-vazhnevoj/","author":2,"acf":{"hide":false,"author":462,"top":false,"views":"15","uk":{"name":"Три жизни Людмилы Важневой ","title":"","description":"2 февраля встретила свой 70-летний юбилей заслуженная артистка Украины Людмила Важнева, посвятившая четверть века сценической деятельности на сцене Харьковской филармонии и почти два десятилетия — педагогической работе на кафедре сценической речи Харьковского национального университета искусств.","content":"<p><strong>Пятнадцать сольных программ </strong><br />\nМастер художественного слова — фраза, вызывающая в памяти сразу несколько выдающихся чтецов, оставивших в театральной истории Харькова великолепные голоса, возвышенный слог, неукротимое желание нескольких поколений горожан внимать их интонации, а затем читать книги, по которым были созданы их творческие программы. К сожалению, печалясь, мы вынуждены сегодня воспользоваться поэтической строкой Евгения Баратынского: «Далече бедствуют иные, и в мире нет уже других…»<br />\nРоман Черкашин, Александра Лесникова, Иван Петров имели высокий статус мастеров художественного слова, и именно талант чтеца принес им признание, недостижимое для многих. Непосредственного влияния на юную Людмилу Важневу никто из них не оказывал, а вот сама атмосфера того филармонического времени и влюбленность этих людей в свою профессию завораживали. На подмостки выходили личности, у которых было чему учиться, надо было учиться, хотелось учиться! Талантливым артистам подражали юные романтические натуры, мечтающие, как и их кумиры, глубоко вникать и столь же широко раскрывать со сцены красоту русского и украинского слова.<br />\nВ 1960-е годы в Харькове практически при каждом Доме культуры существовала литературно-драматическая студия, собиравшая любителей художественного чтения. В одну из таких студий при ДК железнодорожников и поступила Людмила Важнева.<br />\nПосле окончания школы она получила режиссерское образование в Харьковском институте культуры. Эта профессия интересовала её, прежде всего, чтобы при создании новых чтецких программ осуществлять самостоятельный репетиционный процесс. Постановочные требования, предъявляемые Людмилой к выбору литературных первоисточников, затем работа над ними были строгими и исходили от понимания необходимости личного соответствия взыскательным вкусам харьковской публики тех лет.<br />\nС 1975 года она участвует в программах Харьковской филармонии, но, чтобы получить разрешение художественного совета на создание концертного отделения, а затем больших литературных вечеров, необходимо было доказать на то свое право. На протяжении двух лет Людмила Важнева выступала в роли ведущей объединенных концертов, не упуская возможности читать стихотворения, соответствующие тематической направленности той или иной концертной программы.<br />\n1976-й принес ей первую победу на республиканском конкурсе чтецов. Признание зрителей настигло через год после дебюта Людмилы Андреевны на сцене, увы, уже не существующего ныне здания старой филармонии. Ей было поручено стать хозяйкой целого отделения большой программы. Читая главы из романа «Тихий Дон» Михаила Шолохова, актриса глубоко переживала историю любви Григория Мелихова и Аксиньи Астаховой. После удачного выступления известные коллеги Людмилы, критики и зрители заговорили, что в Харькове набирает силы творческая личность, способная занять достойное место в ряду своих выдающихся предшественников.<br />\nУспех вдохновил на работу над новыми литературными произведениями, и актриса, переходя от одного автора к следующему, добивалась прекрасных результатов. Зрители с успехом воспринимали проникновенные строки Бориса Пастернака в композиции «Посвящение», внимали Людмиле Важневой и вместе с ней сопереживали героям булгаковского романа «Мастер и Маргарита», смеялись и сочувствовали непосредственным персонажам из «Рассказов» Василия Шукшина, восхищались эстетически выверенной точностью строки и внутренней культурой её «Женщины в зеркалах» по Валерию Брюсову.<br />\nСреди пятнадцати созданных Людмилой сольных концертных программ есть одна особенная, над которой Важнева трудилась, принципиально избегая торопливых выводов и излишне яркой выразительности. То была многожанровая духовная лирика «Гори, сияй, заря святая», созданная по поэтическому наследию Афанасия Фета, Федора Тютчева, Алексея Толстого, Бориса Пастернака, Иосифа Бродского и Дмитрия Мережковского.</p>\n<p><strong>Мириам, Сонечка, Айседора…</strong><br />\nНе сохраняя последовательности, трудно восстанавливаемой по памяти, обратимся только к спектаклям, вызывавшим пристальный интерес публики и получившим достойную оценку мастеров художественного слова, входивших в состав жюри всесоюзных, республиканских и международных фестивалей разных лет.<br />\nСложную по драматическому накалу страстей композицию литературного концерта «Струны сердца» по произведениям Леси Украинки описал в своей книге «На сцене и экране Леся Украинка» писатель Борис Зюков: «Людмила сидела за столом, как бы перелистывая страницы символической книги жизни, останавливалась на отдельных эпизодах, читая их вслух. Когда приближалась к стихам, то выдерживала паузу и очень взволнованно, искренне произносила рифмованные строки, да так проникновенно, словно касалась душевных струн слушателей, ища в их сердцах отклик на поэтические музыкальные образы. Следуя за словами одинокой женщины, рояль начинал говорить музыкальным языком великих композиторов, близких по духу поэту, от имени которого вела рассказ Людмила Важнева».<br />\nНа мой взгляд, именно эта работа впоследствии убедила Людмилу Андреевну приступить к созданию моноспектакля «Миссия и Мириам» по драматической поэме «Одержимая» её любимой украинской поэтессы. Она осуществляет свой замысел, обучаясь на заочном отделении эстрадного факультета Всесоюзного института театрального искусства (Москва). Практически в один год с окончанием ГИТИСа завершает работу над «Миссией и Мириам» и становится лауреатом премии имени Валентины Чистяковой в номинации «Лучшая женская роль». В трактовке режиссера Николая Яремкива и актрисы Людмилы Важневой характер Мириам исследовался на стыке глубоких внутренних противоречий. Повествование — взволнованно-обостренное с первых слов. Вступительная часть звучала напряженным внутренним диалогом с якобы воображаемым собеседником, и только казалось, что она произносила слова со скупой безотносительной интонацией. На самом деле это была своеобразная концентрация чувств, необходимых для сильного эмоционального порыва, достигающего своего пика в самой драматической части этого моноспектакля. Сложность исследуемого актрисой текста заключалась в чередовании риторических вопросов, которые в поэме Леси Украинки определяют основу нравственной и эстетической позиции Мириам.<br />\nНезадолго до выхода «Одержимой» Людмила Андреевна завершила дипломную работу в ГИТИСе над моноспектаклем «Судьба. Год 1919», в основу которого легла «Повесть о Сонечке» Марины Цветаевой. Поставил спектакль молодой белорусский режиссер Илья Ицков. Необычность этой работы заключалась в том, что после публикации в одном из крупных литературных журналов воспоминаний Марины Ивановны у многих читателей возник вопрос: кто такая, кем была, не вымышленный ли это персонаж — Сонечка? Насколько образ, воссозданный пером Цветаевой, соответствует реальной артистке Софье Голлидэй? На все эти вопросы зрители получали ответы, побывав на спектакле Людмилы Важневой. У «Сонечки» была большая гастрольная судьба — в дни, посвященные памяти Марины Цветаевой, этому музыкально-драматическому действу аплодировали в Мариуполе, Елабуге, Тарусах, Чистополе и многих других городах.<br />\nАвтор этих строк сознательно вынес из общего контекста спектакль «Три жизни Айседоры Дункан», без которого трудно в полной мере представить творческую биографию Людмилы Андреевны. Поставленный главным режиссером Харьковской филармонии Григорием Грумбергом по пьесе харьковского драматурга Зиновия Сагалова, спектакль влюбил в себя зрителей и тем самым обрел долгую сценическую жизнь. Актриса перевоплощалась в образ легендарной американской танцовщицы более трехсот раз!<br />\nО первой встрече с исполнительницей главной и единственной роли в пьесе Зиновий Сагалов вспоминал: «На худсовете филармонии Грумберг познакомил меня с будущей Айседорой. Не высокая, не статная, не женщина-вамп. А застенчивая, в стареньком зимнем пальтишке, в отороченных мехом, отнюдь не молодежных и не новых сапожках, Людмила Важнева была удивительно не «той», какой я представлял себе Айседору. А ведь пьеса-то от первого лица: «Я, Айседора…» Поверит ли зритель этой маленькой скромной женщине, когда она произнесет эти слова?<br />\nПоверил. Не зря более года Грумберг работал с актрисой, уходя с ней от эстетики «третьего лица», от рассказчицы, к живой Айседоре. Люде удалось сыграть душу Айседоры Дункан. На премьере в мае 1987 года зал встал с криками «браво». Все понимали — театр одного актера родился».<br />\nИменно «Тремя жизнями Айседоры Дункан» Людмила Важнева завершала свою артистическую карьеру. Вместе с той, кому она отдала часть своей души, актриса оставила сцену и с головой ушла в педагогическую работу. Заслуженная артистка Украины Людмила Важнева — профессор, заведует кафедрой сценической речи Харьковского национального университета искусств. Из-под её пера вышло несколько учебных пособий по сценической речи; особым спросом у студентов театральных вузов пользуются учебники «Сценічна мова. Дикція та орфоепія» и «Скоромовки в мовному тренінгу». Она находится в постоянном поиске, экспериментирует, обладает оригинальной методикой преподавания, благодаря которой более двадцати её воспитанников стали лауреатами многочисленных конкурсов и фестивалей.</p>\n<p>&nbsp;</p>\n<p><em><strong>Александр Анничев</strong></em></p>\n"},"ru":{"name":"Три жизни Людмилы Важневой ","title":"","description":"2 февраля встретила свой 70-летний юбилей заслуженная артистка Украины Людмила Важнева, посвятившая четверть века сценической деятельности на сцене Харьковской филармонии и почти два десятилетия — педагогической работе на кафедре сценической речи Харьковского национального университета искусств.","content":""}},"tags":[{"term_id":121,"name":"226 годовщина","slug":"226-godovshhina","term_group":0,"term_taxonomy_id":121,"taxonomy":"post_tag","description":"","parent":0,"count":2,"filter":"raw","link":"https://admin.timeua.info/tag/226-godovshhina/","acf":{"uk":{"title":"226 годовщина","description":""},"ru":{"title":"226 годовщина","description":""}}}],"_embedded":{"category":{"link":"","acf":false},"featured_image":{"url":"https://admin.timeua.info/wp-content/uploads/2020/09/19236_edited.jpg"},"author_alt":{"acf":{"uk":{"title":"Олександр Аннічев","status":"Оглядач питань культури та мистецтва газети \"Время\" ","description":"Актер драматичного театру, у різний час ведучий авторських передач про людей театру та державної і муніципальної телестудій Харкова. У реальному часі - старший викладач катедри театрознавства ХНУІ та огладач питань культури та мистецтва регіональної газети \"Время\".","content":""},"ru":{"title":"Александр Анничев","status":"Обозреватель вопросов  культуры и искусства газеты «Время».","description":"Актер драматического театра, в разное время ведущий авторских передач о людях театра на государственной и муниципальной телестудиях Харькова. В настоящее время — старший преподаватель кафедры театроведения ХНУИ и обозреватель вопросов культуры и искусства региональной газеты «Время».\r\n","content":"<p>Александр Егорович Анничев, родился в 1953 году в Саратове. Никто из членов семьи никогда не был причастен к какому-либо виду искусства. В театр попал в возрасте 13 лет и сразу на профессиональную сцену.</p>\n<p>Участвовал, в массовых сценах спектакля «Идиот» по Ф. Достоевскому, в котором Льва Николаевича Мышкина играл Олег Янковский, тогда еще мало кому известный актер.</p>\n<p>В 1966 году произошла встреча Натальей Иосифовной Сухостав — руководителем детского и юношеского театра «Молодая гвардия» , воспитавшей для профессиональной сцены более сотни актеров и режиссеров, в числе которых известные деятели театра и кино Олег Табаков, Галина Яцкина, Владимир Конкин, Валентина Грушина, и многие другие. В 1971 году окончив школу, поступил в Саратовское театральное училище на курс народного артиста России Юрия Сагьянца.</p>\n<p>С первого курса Александра Анничева призывают на срочную службу в армию. Два года отдавал воинский долг, неся боевое дежурство на космодроме Байконур. В 1973 году продолжил учебу в Саратовском театральном училище, а в 1977-м, окончил его и был приглашен актером в Харьковский театр юного зрителя. Сцене которого служил до 1985 года было сыграно еще около 30 разнохарактерных ролей.</p>\n<p>В 1981 году сдает экзамены в институт искусств и выдержав конкурс, становится студентом театроведческого факультета. Получив в 1986-м диплом распределяется на работу во Всесоюзную дирекцию цирковых программ, аттракционов и номеров, где в творческом содружестве с художником Надеждой Косаревой и балетмейстером Ларисой Потимковой вплоть до 1992 года ведет работу по организации художественно-пластического оформления цирковых номеров.</p>\n<p>В 1992 году по просьбе дирекции ТЮЗа становится руководителем литературно-драматургической части и ассистентом режиссера Александра Беляцкого, совместно с которым осуществляет постановку спектаклей «Вий» М. Кропивницкого, «Лiсова пiсня» Л. Украинки, «Сон в летнюю ночь» У. Шекспира, «Муха-Цокотуха», «Жили-были дед да баба», «Аленький цветочек», «Хозяйка Медной горы» А. Анничева.</p>\n<p>С 1996 года ведет обзор театральных событий Харькова в эфире частной компании «Радио-50» и становится ведущим авторской программы «Театральный разъезд» на независимом канале, впоследствии ставшим муниципальной студией телевидения «Ника+».</p>\n<p>В 2000 году директор и художественный руководитель Харьковского академического русского драматического театра народный артист Украины Александр Барсегян предлагает перейти во вверенный ему театр и возглавить должность заместителя директора по общественным вопросам. После шести месяцев сотрудничества с Барсегяном, уволился из русского драмтеатра и начал осваивать новую профессию — обозревателя событий культуры и искусств на полосах газеты «Вечерний Харьков».</p>\n<p>С 2003 года исполняет те же обязанности в Харьковской региональной газете «Время». По инициативе дирекции ХГТРК в соавторстве с театроведом Татьяной Киктевой принимал участие в создании творческого телепроекта «Театральный салон», В период с 2004 по 2011 годы на экраны харьковского телевидения вышло 150 выпусков «Театрального салона», повествующих о людях театра, премьерах и возникающих на этом поприще проблемах. Авторами и ведущими были — Татьяна Киктева и Александр Анничев.</p>\n"}},"link":"https://admin.timeua.info/authors/aleksandr-gerasimenko/","photo":"https://admin.timeua.info/wp-content/uploads/2020/08/annichev.png"},"author":[{"acf":"","name":"i_admin","slug":"i_admin"}]}}],"countItems":1}