[{"id":1,"count":100,"description":"","link":"https://admin.sirinsoftware.com/blog/","name":"Blog","slug":"blog","taxonomy":"category","parent":0,"meta":[],"acf":[],"head_tags":[{"tag":"title","content":"Sirin Software blog ( Embedded Linux, Web Development, Mobile App Development )"},{"tag":"meta","attributes":{"name":"description","content":"Our blog is about end-to-end software product delivery in the field of embedded systems, web and mobile applications, server side programming, IoT solutions."}},{"tag":"link","attributes":{"rel":"canonical","href":"https://admin.sirinsoftware.com/blog/"}},{"tag":"link","attributes":{"rel":"next","href":"https://admin.sirinsoftware.com/blog/page/2/"}},{"tag":"meta","attributes":{"property":"og:locale","content":"en_US"}},{"tag":"meta","attributes":{"property":"og:type","content":"object"}},{"tag":"meta","attributes":{"property":"og:title","content":"Sirin Software blog ( Embedded Linux, Web Development, Mobile App Development )"}},{"tag":"meta","attributes":{"property":"og:description","content":"Our blog is about end-to-end software product delivery in the field of embedded systems, web and mobile applications, server side programming, IoT solutions."}},{"tag":"meta","attributes":{"property":"og:url","content":"https://admin.sirinsoftware.com/blog/"}},{"tag":"meta","attributes":{"property":"og:site_name","content":"Sirin Software"}},{"tag":"meta","attributes":{"property":"og:image","content":"https://sirinsoftware.com/wp-content/uploads/2016/10/2016-10-05-12-20-05.jpg"}},{"tag":"meta","attributes":{"property":"og:image:secure_url","content":"https://sirinsoftware.com/wp-content/uploads/2016/10/2016-10-05-12-20-05.jpg"}},{"tag":"meta","attributes":{"name":"twitter:card","content":"summary"}},{"tag":"meta","attributes":{"name":"twitter:description","content":"Our blog is about end-to-end software product delivery in the field of embedded systems, web and mobile applications, server side programming, IoT solutions."}},{"tag":"meta","attributes":{"name":"twitter:title","content":"Sirin Software blog ( Embedded Linux, Web Development, Mobile App Development )"}},{"tag":"meta","attributes":{"name":"twitter:image","content":"https://sirinsoftware.com/wp-content/uploads/2016/10/2016-10-05-12-21-33.jpg"}},{"tag":"link","attributes":{"rel":"dns-prefetch","href":"//s.w.org"}},{"tag":"link","attributes":{"rel":"alternate","type":"application/rss+xml","title":"Sirin Software » Blog Category Feed","href":"https://admin.sirinsoftware.com/blog/feed/"}},{"tag":"link","attributes":{"rel":"https://api.w.org/","href":"https://admin.sirinsoftware.com/wp-json/"}},{"tag":"link","attributes":{"rel":"EditURI","type":"application/rsd+xml","title":"RSD","href":"https://admin.sirinsoftware.com/xmlrpc.php?rsd"}},{"tag":"link","attributes":{"rel":"wlwmanifest","type":"application/wlwmanifest+xml","href":"https://admin.sirinsoftware.com/wp-includes/wlwmanifest.xml"}}],"_links":{"self":[{"href":"https://admin.sirinsoftware.com/wp-json/wp/v2/categories/1"}],"collection":[{"href":"https://admin.sirinsoftware.com/wp-json/wp/v2/categories"}],"about":[{"href":"https://admin.sirinsoftware.com/wp-json/wp/v2/taxonomies/category"}],"wp:post_type":[{"href":"https://admin.sirinsoftware.com/wp-json/wp/v2/posts?categories=1"}],"curies":[{"name":"wp","href":"https://api.w.org/{rel}","templated":true}]}},{"id":32,"count":18,"description":"","link":"https://admin.sirinsoftware.com/blog/business/","name":"Business","slug":"business","taxonomy":"category","parent":1,"meta":[],"acf":[],"head_tags":[{"tag":"title","content":"Business"},{"tag":"meta","attributes":{"name":"description","content":"Our blog is about end-to-end software product delivery in the field of embedded systems, web and mobile applications, server side programming, IoT solutions."}},{"tag":"link","attributes":{"rel":"canonical","href":"https://admin.sirinsoftware.com/blog/business/"}},{"tag":"link","attributes":{"rel":"next","href":"https://admin.sirinsoftware.com/blog/business/page/2/"}},{"tag":"meta","attributes":{"property":"og:locale","content":"en_US"}},{"tag":"meta","attributes":{"property":"og:type","content":"object"}},{"tag":"meta","attributes":{"property":"og:title","content":"Business"}},{"tag":"meta","attributes":{"property":"og:description","content":"Our blog is about end-to-end software product delivery in the field of embedded systems, web and mobile applications, server side programming, IoT solutions."}},{"tag":"meta","attributes":{"property":"og:url","content":"https://admin.sirinsoftware.com/blog/business/"}},{"tag":"meta","attributes":{"property":"og:site_name","content":"Sirin Software"}},{"tag":"meta","attributes":{"name":"twitter:card","content":"summary"}},{"tag":"meta","attributes":{"name":"twitter:description","content":"Our blog is about end-to-end software product delivery in the field of embedded systems, web and mobile applications, server side programming, IoT solutions."}},{"tag":"meta","attributes":{"name":"twitter:title","content":"Business"}},{"tag":"link","attributes":{"rel":"dns-prefetch","href":"//s.w.org"}},{"tag":"link","attributes":{"rel":"alternate","type":"application/rss+xml","title":"Sirin Software » Business Category Feed","href":"https://admin.sirinsoftware.com/blog/business/feed/"}},{"tag":"link","attributes":{"rel":"https://api.w.org/","href":"https://admin.sirinsoftware.com/wp-json/"}},{"tag":"link","attributes":{"rel":"EditURI","type":"application/rsd+xml","title":"RSD","href":"https://admin.sirinsoftware.com/xmlrpc.php?rsd"}},{"tag":"link","attributes":{"rel":"wlwmanifest","type":"application/wlwmanifest+xml","href":"https://admin.sirinsoftware.com/wp-includes/wlwmanifest.xml"}}],"_links":{"self":[{"href":"https://admin.sirinsoftware.com/wp-json/wp/v2/categories/32"}],"collection":[{"href":"https://admin.sirinsoftware.com/wp-json/wp/v2/categories"}],"about":[{"href":"https://admin.sirinsoftware.com/wp-json/wp/v2/taxonomies/category"}],"up":[{"embeddable":true,"href":"https://admin.sirinsoftware.com/wp-json/wp/v2/categories/1"}],"wp:post_type":[{"href":"https://admin.sirinsoftware.com/wp-json/wp/v2/posts?categories=32"}],"curies":[{"name":"wp","href":"https://api.w.org/{rel}","templated":true}]}},{"id":33,"count":8,"description":"","link":"https://admin.sirinsoftware.com/blog/events/","name":"Events","slug":"events","taxonomy":"category","parent":1,"meta":[],"acf":[],"head_tags":[{"tag":"title","content":"Events"},{"tag":"meta","attributes":{"name":"description","content":"Our blog is about end-to-end software product delivery in the field of embedded systems, web and mobile applications, server side programming, IoT solutions."}},{"tag":"link","attributes":{"rel":"canonical","href":"https://admin.sirinsoftware.com/blog/events/"}},{"tag":"meta","attributes":{"property":"og:locale","content":"en_US"}},{"tag":"meta","attributes":{"property":"og:type","content":"object"}},{"tag":"meta","attributes":{"property":"og:title","content":"Events"}},{"tag":"meta","attributes":{"property":"og:description","content":"Our blog is about end-to-end software product delivery in the field of embedded systems, web and mobile applications, server side programming, IoT solutions."}},{"tag":"meta","attributes":{"property":"og:url","content":"https://admin.sirinsoftware.com/blog/events/"}},{"tag":"meta","attributes":{"property":"og:site_name","content":"Sirin Software"}},{"tag":"meta","attributes":{"name":"twitter:card","content":"summary"}},{"tag":"meta","attributes":{"name":"twitter:description","content":"Our blog is about end-to-end software product delivery in the field of embedded systems, web and mobile applications, server side programming, IoT solutions."}},{"tag":"meta","attributes":{"name":"twitter:title","content":"Events"}},{"tag":"link","attributes":{"rel":"dns-prefetch","href":"//s.w.org"}},{"tag":"link","attributes":{"rel":"alternate","type":"application/rss+xml","title":"Sirin Software » Events Category Feed","href":"https://admin.sirinsoftware.com/blog/events/feed/"}},{"tag":"link","attributes":{"rel":"https://api.w.org/","href":"https://admin.sirinsoftware.com/wp-json/"}},{"tag":"link","attributes":{"rel":"EditURI","type":"application/rsd+xml","title":"RSD","href":"https://admin.sirinsoftware.com/xmlrpc.php?rsd"}},{"tag":"link","attributes":{"rel":"wlwmanifest","type":"application/wlwmanifest+xml","href":"https://admin.sirinsoftware.com/wp-includes/wlwmanifest.xml"}}],"_links":{"self":[{"href":"https://admin.sirinsoftware.com/wp-json/wp/v2/categories/33"}],"collection":[{"href":"https://admin.sirinsoftware.com/wp-json/wp/v2/categories"}],"about":[{"href":"https://admin.sirinsoftware.com/wp-json/wp/v2/taxonomies/category"}],"up":[{"embeddable":true,"href":"https://admin.sirinsoftware.com/wp-json/wp/v2/categories/1"}],"wp:post_type":[{"href":"https://admin.sirinsoftware.com/wp-json/wp/v2/posts?categories=33"}],"curies":[{"name":"wp","href":"https://api.w.org/{rel}","templated":true}]}},{"id":46,"count":9,"description":"","link":"https://admin.sirinsoftware.com/blog/news/","name":"News","slug":"news","taxonomy":"category","parent":1,"meta":[],"acf":[],"head_tags":[{"tag":"title","content":"News"},{"tag":"meta","attributes":{"name":"description","content":"Our blog is about end-to-end software product delivery in the field of embedded systems, web and mobile applications, server side programming, IoT solutions."}},{"tag":"link","attributes":{"rel":"canonical","href":"https://admin.sirinsoftware.com/blog/news/"}},{"tag":"meta","attributes":{"property":"og:locale","content":"en_US"}},{"tag":"meta","attributes":{"property":"og:type","content":"object"}},{"tag":"meta","attributes":{"property":"og:title","content":"News"}},{"tag":"meta","attributes":{"property":"og:description","content":"Our blog is about end-to-end software product delivery in the field of embedded systems, web and mobile applications, server side programming, IoT solutions."}},{"tag":"meta","attributes":{"property":"og:url","content":"https://admin.sirinsoftware.com/blog/news/"}},{"tag":"meta","attributes":{"property":"og:site_name","content":"Sirin Software"}},{"tag":"meta","attributes":{"name":"twitter:card","content":"summary"}},{"tag":"meta","attributes":{"name":"twitter:description","content":"Our blog is about end-to-end software product delivery in the field of embedded systems, web and mobile applications, server side programming, IoT solutions."}},{"tag":"meta","attributes":{"name":"twitter:title","content":"News"}},{"tag":"link","attributes":{"rel":"dns-prefetch","href":"//s.w.org"}},{"tag":"link","attributes":{"rel":"alternate","type":"application/rss+xml","title":"Sirin Software » News Category Feed","href":"https://admin.sirinsoftware.com/blog/news/feed/"}},{"tag":"link","attributes":{"rel":"https://api.w.org/","href":"https://admin.sirinsoftware.com/wp-json/"}},{"tag":"link","attributes":{"rel":"EditURI","type":"application/rsd+xml","title":"RSD","href":"https://admin.sirinsoftware.com/xmlrpc.php?rsd"}},{"tag":"link","attributes":{"rel":"wlwmanifest","type":"application/wlwmanifest+xml","href":"https://admin.sirinsoftware.com/wp-includes/wlwmanifest.xml"}}],"_links":{"self":[{"href":"https://admin.sirinsoftware.com/wp-json/wp/v2/categories/46"}],"collection":[{"href":"https://admin.sirinsoftware.com/wp-json/wp/v2/categories"}],"about":[{"href":"https://admin.sirinsoftware.com/wp-json/wp/v2/taxonomies/category"}],"up":[{"embeddable":true,"href":"https://admin.sirinsoftware.com/wp-json/wp/v2/categories/1"}],"wp:post_type":[{"href":"https://admin.sirinsoftware.com/wp-json/wp/v2/posts?categories=46"}],"curies":[{"name":"wp","href":"https://api.w.org/{rel}","templated":true}]}},{"id":96,"count":0,"description":"","link":"https://admin.sirinsoftware.com/none/","name":"none","slug":"none","taxonomy":"category","parent":0,"meta":[],"acf":[],"head_tags":[{"tag":"title","content":"none"},{"tag":"meta","attributes":{"name":"description","content":"Our blog is about end-to-end software product delivery in the field of embedded systems, web and mobile applications, server side programming, IoT solutions."}},{"tag":"link","attributes":{"rel":"canonical","href":"https://admin.sirinsoftware.com/none/"}},{"tag":"meta","attributes":{"property":"og:locale","content":"en_US"}},{"tag":"meta","attributes":{"property":"og:type","content":"object"}},{"tag":"meta","attributes":{"property":"og:title","content":"none"}},{"tag":"meta","attributes":{"property":"og:description","content":"Our blog is about end-to-end software product delivery in the field of embedded systems, web and mobile applications, server side programming, IoT solutions."}},{"tag":"meta","attributes":{"property":"og:url","content":"https://admin.sirinsoftware.com/none/"}},{"tag":"meta","attributes":{"property":"og:site_name","content":"Sirin Software"}},{"tag":"meta","attributes":{"name":"twitter:card","content":"summary"}},{"tag":"meta","attributes":{"name":"twitter:description","content":"Our blog is about end-to-end software product delivery in the field of embedded systems, web and mobile applications, server side programming, IoT solutions."}},{"tag":"meta","attributes":{"name":"twitter:title","content":"none"}},{"tag":"link","attributes":{"rel":"dns-prefetch","href":"//s.w.org"}},{"tag":"link","attributes":{"rel":"alternate","type":"application/rss+xml","title":"Sirin Software » none Category Feed","href":"https://admin.sirinsoftware.com/none/feed/"}},{"tag":"link","attributes":{"rel":"https://api.w.org/","href":"https://admin.sirinsoftware.com/wp-json/"}},{"tag":"link","attributes":{"rel":"EditURI","type":"application/rsd+xml","title":"RSD","href":"https://admin.sirinsoftware.com/xmlrpc.php?rsd"}},{"tag":"link","attributes":{"rel":"wlwmanifest","type":"application/wlwmanifest+xml","href":"https://admin.sirinsoftware.com/wp-includes/wlwmanifest.xml"}}],"_links":{"self":[{"href":"https://admin.sirinsoftware.com/wp-json/wp/v2/categories/96"}],"collection":[{"href":"https://admin.sirinsoftware.com/wp-json/wp/v2/categories"}],"about":[{"href":"https://admin.sirinsoftware.com/wp-json/wp/v2/taxonomies/category"}],"wp:post_type":[{"href":"https://admin.sirinsoftware.com/wp-json/wp/v2/posts?categories=96"}],"curies":[{"name":"wp","href":"https://api.w.org/{rel}","templated":true}]}},{"id":47,"count":6,"description":"","link":"https://admin.sirinsoftware.com/blog/press/","name":"Press","slug":"press","taxonomy":"category","parent":1,"meta":[],"acf":[],"head_tags":[{"tag":"title","content":"Press"},{"tag":"meta","attributes":{"name":"description","content":"Our blog is about end-to-end software product delivery in the field of embedded systems, web and mobile applications, server side programming, IoT solutions."}},{"tag":"link","attributes":{"rel":"canonical","href":"https://admin.sirinsoftware.com/blog/press/"}},{"tag":"meta","attributes":{"property":"og:locale","content":"en_US"}},{"tag":"meta","attributes":{"property":"og:type","content":"object"}},{"tag":"meta","attributes":{"property":"og:title","content":"Press"}},{"tag":"meta","attributes":{"property":"og:description","content":"Our blog is about end-to-end software product delivery in the field of embedded systems, web and mobile applications, server side programming, IoT solutions."}},{"tag":"meta","attributes":{"property":"og:url","content":"https://admin.sirinsoftware.com/blog/press/"}},{"tag":"meta","attributes":{"property":"og:site_name","content":"Sirin Software"}},{"tag":"meta","attributes":{"name":"twitter:card","content":"summary"}},{"tag":"meta","attributes":{"name":"twitter:description","content":"Our blog is about end-to-end software product delivery in the field of embedded systems, web and mobile applications, server side programming, IoT solutions."}},{"tag":"meta","attributes":{"name":"twitter:title","content":"Press"}},{"tag":"link","attributes":{"rel":"dns-prefetch","href":"//s.w.org"}},{"tag":"link","attributes":{"rel":"alternate","type":"application/rss+xml","title":"Sirin Software » Press Category Feed","href":"https://admin.sirinsoftware.com/blog/press/feed/"}},{"tag":"link","attributes":{"rel":"https://api.w.org/","href":"https://admin.sirinsoftware.com/wp-json/"}},{"tag":"link","attributes":{"rel":"EditURI","type":"application/rsd+xml","title":"RSD","href":"https://admin.sirinsoftware.com/xmlrpc.php?rsd"}},{"tag":"link","attributes":{"rel":"wlwmanifest","type":"application/wlwmanifest+xml","href":"https://admin.sirinsoftware.com/wp-includes/wlwmanifest.xml"}}],"_links":{"self":[{"href":"https://admin.sirinsoftware.com/wp-json/wp/v2/categories/47"}],"collection":[{"href":"https://admin.sirinsoftware.com/wp-json/wp/v2/categories"}],"about":[{"href":"https://admin.sirinsoftware.com/wp-json/wp/v2/taxonomies/category"}],"up":[{"embeddable":true,"href":"https://admin.sirinsoftware.com/wp-json/wp/v2/categories/1"}],"wp:post_type":[{"href":"https://admin.sirinsoftware.com/wp-json/wp/v2/posts?categories=47"}],"curies":[{"name":"wp","href":"https://api.w.org/{rel}","templated":true}]}},{"id":35,"count":4,"description":"","link":"https://admin.sirinsoftware.com/blog/services/","name":"Services","slug":"services","taxonomy":"category","parent":1,"meta":[],"acf":[],"head_tags":[{"tag":"title","content":"Services"},{"tag":"meta","attributes":{"name":"description","content":"Our blog is about end-to-end software product delivery in the field of embedded systems, web and mobile applications, server side programming, IoT solutions."}},{"tag":"link","attributes":{"rel":"canonical","href":"https://admin.sirinsoftware.com/blog/services/"}},{"tag":"meta","attributes":{"property":"og:locale","content":"en_US"}},{"tag":"meta","attributes":{"property":"og:type","content":"object"}},{"tag":"meta","attributes":{"property":"og:title","content":"Services"}},{"tag":"meta","attributes":{"property":"og:description","content":"Our blog is about end-to-end software product delivery in the field of embedded systems, web and mobile applications, server side programming, IoT solutions."}},{"tag":"meta","attributes":{"property":"og:url","content":"https://admin.sirinsoftware.com/blog/services/"}},{"tag":"meta","attributes":{"property":"og:site_name","content":"Sirin Software"}},{"tag":"meta","attributes":{"name":"twitter:card","content":"summary"}},{"tag":"meta","attributes":{"name":"twitter:description","content":"Our blog is about end-to-end software product delivery in the field of embedded systems, web and mobile applications, server side programming, IoT solutions."}},{"tag":"meta","attributes":{"name":"twitter:title","content":"Services"}},{"tag":"link","attributes":{"rel":"dns-prefetch","href":"//s.w.org"}},{"tag":"link","attributes":{"rel":"alternate","type":"application/rss+xml","title":"Sirin Software » Services Category Feed","href":"https://admin.sirinsoftware.com/blog/services/feed/"}},{"tag":"link","attributes":{"rel":"https://api.w.org/","href":"https://admin.sirinsoftware.com/wp-json/"}},{"tag":"link","attributes":{"rel":"EditURI","type":"application/rsd+xml","title":"RSD","href":"https://admin.sirinsoftware.com/xmlrpc.php?rsd"}},{"tag":"link","attributes":{"rel":"wlwmanifest","type":"application/wlwmanifest+xml","href":"https://admin.sirinsoftware.com/wp-includes/wlwmanifest.xml"}}],"_links":{"self":[{"href":"https://admin.sirinsoftware.com/wp-json/wp/v2/categories/35"}],"collection":[{"href":"https://admin.sirinsoftware.com/wp-json/wp/v2/categories"}],"about":[{"href":"https://admin.sirinsoftware.com/wp-json/wp/v2/taxonomies/category"}],"up":[{"embeddable":true,"href":"https://admin.sirinsoftware.com/wp-json/wp/v2/categories/1"}],"wp:post_type":[{"href":"https://admin.sirinsoftware.com/wp-json/wp/v2/posts?categories=35"}],"curies":[{"name":"wp","href":"https://api.w.org/{rel}","templated":true}]}},{"id":39,"count":62,"description":"","link":"https://admin.sirinsoftware.com/blog/technology/","name":"Technology","slug":"technology","taxonomy":"category","parent":1,"meta":[],"acf":[],"head_tags":[{"tag":"title","content":"Technology"},{"tag":"meta","attributes":{"name":"description","content":"Our blog is about end-to-end software product delivery in the field of embedded systems, web and mobile applications, server side programming, IoT solutions."}},{"tag":"link","attributes":{"rel":"canonical","href":"https://admin.sirinsoftware.com/blog/technology/"}},{"tag":"link","attributes":{"rel":"next","href":"https://admin.sirinsoftware.com/blog/technology/page/2/"}},{"tag":"meta","attributes":{"property":"og:locale","content":"en_US"}},{"tag":"meta","attributes":{"property":"og:type","content":"object"}},{"tag":"meta","attributes":{"property":"og:title","content":"Technology"}},{"tag":"meta","attributes":{"property":"og:description","content":"Our blog is about end-to-end software product delivery in the field of embedded systems, web and mobile applications, server side programming, IoT solutions."}},{"tag":"meta","attributes":{"property":"og:url","content":"https://admin.sirinsoftware.com/blog/technology/"}},{"tag":"meta","attributes":{"property":"og:site_name","content":"Sirin Software"}},{"tag":"meta","attributes":{"name":"twitter:card","content":"summary"}},{"tag":"meta","attributes":{"name":"twitter:description","content":"Our blog is about end-to-end software product delivery in the field of embedded systems, web and mobile applications, server side programming, IoT solutions."}},{"tag":"meta","attributes":{"name":"twitter:title","content":"Technology"}},{"tag":"link","attributes":{"rel":"dns-prefetch","href":"//s.w.org"}},{"tag":"link","attributes":{"rel":"alternate","type":"application/rss+xml","title":"Sirin Software » Technology Category Feed","href":"https://admin.sirinsoftware.com/blog/technology/feed/"}},{"tag":"link","attributes":{"rel":"https://api.w.org/","href":"https://admin.sirinsoftware.com/wp-json/"}},{"tag":"link","attributes":{"rel":"EditURI","type":"application/rsd+xml","title":"RSD","href":"https://admin.sirinsoftware.com/xmlrpc.php?rsd"}},{"tag":"link","attributes":{"rel":"wlwmanifest","type":"application/wlwmanifest+xml","href":"https://admin.sirinsoftware.com/wp-includes/wlwmanifest.xml"}}],"_links":{"self":[{"href":"https://admin.sirinsoftware.com/wp-json/wp/v2/categories/39"}],"collection":[{"href":"https://admin.sirinsoftware.com/wp-json/wp/v2/categories"}],"about":[{"href":"https://admin.sirinsoftware.com/wp-json/wp/v2/taxonomies/category"}],"up":[{"embeddable":true,"href":"https://admin.sirinsoftware.com/wp-json/wp/v2/categories/1"}],"wp:post_type":[{"href":"https://admin.sirinsoftware.com/wp-json/wp/v2/posts?categories=39"}],"curies":[{"name":"wp","href":"https://api.w.org/{rel}","templated":true}]}}]